"gyro_x_dps","yaw_kal_deg","servo_angle_deg","ave_speed","odom_x_cm","odom_y_cm","heading_kp","heading_ki","heading_kd","gyro_x_raw","gyro_y_raw","gyro_z_raw","yaw_cf_deg","temp_c","tick_ms"
"0.06","0","90","0","0","0","2.5","0.01","0.18","1","0","0","0.001","26.37","1396401"
"0","0","90","0","0","0","2.5","0.01","0.18","0","0","0","-0.002","26.41","1396500"
"0","0","90","0","0","0","2.5","0.01","0.18","0","-3","1","-0.002","26.39","1396600"
"-0.06","0","90","0","0","0","2.5","0.01","0.18","-1","0","1","-0.003","26.37","1396701"
"0","0","90","0","0","0","2.5","0.01","0.18","0","2","0","-0.003","26.41","1396800"
"0","0","90","0","0","0","2.5","0.01","0.18","0","0","-1","-0.004","26.38","1396900"
"0","-0.01","90","0","0","0","2.5","0.01","0.18","0","2","-1","-0.005","26.4","1397001"
"0","0","90","0","0","0","2.5","0.01","0.18","0","0","-1","-0.005","26.38","1397100"
"0","-0.01","90","0","0","0","2.5","0.01","0.18","0","-1","1","-0.005","26.41","1397201"
"0","0","90","0","0","0","2.5","0.01","0.18","0","0","0","-0.004","26.43","1397300"
"-0.06","0","90","0","0","0","2.5","0.01","0.18","-1","-1","0","-0.003","26.4","1397400"
"0","0","90","0","0","0","2.5","0.01","0.18","0","0","0","-0.004","26.39","1397501"
"-0.06","0","90","0","0","0","2.5","0.01","0.18","-1","0","-1","-0.004","26.38","1397600"
"0","-0.01","90","0","0","0","2.5","0.01","0.18","0","0","0","-0.005","26.38","1397700"
"0","0","90","0","0","0","2.5","0.01","0.18","0","0","0","-0.004","26.38","1397801"
"0","0","90","0","0","0","2.5","0.01","0.18","0","0","-1","-0.003","26.37","1397900"
"0.06","-0.01","90","0","0","0","2.5","0.01","0.18","1","1","0","-0.006","26.42","1398001"
"0","-0.01","90","0","0","0","2.5","0.01","0.18","0","-1","0","-0.006","26.39","1398100"
"-0.06","-0.01","90","0","0","0","2.5","0.01","0.18","-1","0","0","-0.005","26.4","1398200"
"0","-0.01","90","0","0","0","2.5","0.01","0.18","0","0","0","-0.006","26.38","1398300"
"-0.12","0","90","0","0","0","2.5","0.01","0.18","-2","-2","0","-0.005","26.4","1398401"
"0","-0.01","90","0","0","0","2.5","0.01","0.18","0","0","0","-0.007","26.38","1398500"
"0","0","90","0","0","0","2.5","0.01","0.18","0","1","0","-0.005","26.37","1398601"
"0","0","90","0","0","0","2.5","0.01","0.18","0","0","-1","-0.004","26.39","1398701"
"-0.06","0","90","0","0","0","2.5","0.01","0.18","-1","0","0","-0.004","26.38","1398801"
"0","0","90","0","0","0","2.5","0.01","0.18","0","2","0","-0.005","26.39","1398900"
"0","-0.01","90","0","0","0","2.5","0.01","0.18","0","0","1","-0.006","26.38","1399000"
"0","-0.01","90","0","0","0","2.5","0.01","0.18","0","0","0","-0.006","26.35","1399100"
"0","-0.01","90","0","0","0","2.5","0.01","0.18","0","1","1","-0.006","26.39","1399201"
"-0.06","-0.01","90","0","0","0","2.5","0.01","0.18","-1","0","-1","-0.006","26.39","1399300"
"0","0","90","0","0","0","2.5","0.01","0.18","0","1","0","-0.005","26.42","1399400"
"0","0","90","0","0","0","2.5","0.01","0.18","0","-2","1","-0.003","26.4","1399501"
"-0.06","0","90","0","0","0","2.5","0.01","0.18","-1","-3","-2","-0.002","26.4","1399600"
"0","0","90","0","0","0","2.5","0.01","0.18","0","-2","0","-0.002","26.38","1399700"
"0","0","90","0","0","0","2.5","0.01","0.18","0","0","-1","0","26.38","1399800"
"0","0","90","0","0","0","2.5","0.01","0.18","0","4","-2","0","26.39","1399900"
"0","0","90","0","0","0","2.5","0.01","0.18","0","0","0","-0.003","26.38","1400000"
"0","0","90","0","0","0","2.5","0.01","0.18","0","0","0","-0.002","26.38","1400100"
"0.18","0","90","0","0","0","2.5","0.01","0.18","3","0","0","0","26.39","1400200"
"0.06","0","90","0","0","0","2.5","0.01","0.18","1","0","2","0.002","26.41","1400300"
"-0.06","0","90","0","0","0","2.5","0.01","0.18","-1","0","0","0.002","26.38","1400400"
"0.12","0","90","0","0","0","2.5","0.01","0.18","2","1","-1","0.002","26.35","1400500"
"0","0","90","0","0","0","2.5","0.01","0.18","0","0","-1","0.002","26.43","1400600"
"0","0","90","0","0","0","2.5","0.01","0.18","0","-1","0","0.001","26.37","1400700"
"0","0","90","0","0","0","2.5","0.01","0.18","0","0","-1","0.001","26.38","1400800"
"0","0","90","0","0","0","2.5","0.01","0.18","0","2","-1","0.001","26.43","1400900"
"0","0","90","0","0","0","2.5","0.01","0.18","0","1","-1","-0.001","26.41","1401000"
"-0.06","0","90","0","0","0","2.5","0.01","0.18","-1","0","0","-0.003","26.38","1401100"
"-0.06","0","90","0","0","0","2.5","0.01","0.18","-1","0","-1","-0.003","26.36","1401200"
"-0.12","0","90","0","0","0","2.5","0.01","0.18","-2","1","0","-0.002","26.39","1401300"
"0","0","90","0","0","0","2.5","0.01","0.18","0","-2","-1","-0.001","26.41","1401401"
"0","0","90","0","0","0","2.5","0.01","0.18","0","0","0","0","26.38","1401500"
"0","0","90","0","0","0","2.5","0.01","0.18","0","-4","2","0.002","26.4","1401600"
"-0.06","0","90","0","0","0","2.5","0.01","0.18","-1","0","-1","0.002","26.39","1401700"
"0.12","0","90","0","0","0","2.5","0.01","0.18","2","-1","0","0.002","26.37","1401801"
"0","0","90","0","0","0","2.5","0.01","0.18","0","0","-2","0.002","26.39","1401901"
"0","0","90","0","0","0","2.5","0.01","0.18","0","1","0","0.001","26.39","1402000"
"0","0","90","0","0","0","2.5","0.01","0.18","0","2","0","0.004","26.39","1402100"
"0","0","90","0","0","0","2.5","0.01","0.18","0","0","-1","0.003","26.38","1402200"
"-0.06","0.01","90","0","0","0","2.5","0.01","0.18","-1","0","0","0.005","26.37","1402301"
"0","0.01","90","0","0","0","2.5","0.01","0.18","0","-2","0","0.005","26.38","1402401"
"-0.06","0","90","0","0","0","2.5","0.01","0.18","-1","0","0","0.005","26.42","1402501"
"0","0","90","0","0","0","2.5","0.01","0.18","0","0","0","0.004","26.36","1402600"
"0","0","90","0","0","0","2.5","0.01","0.18","0","1","-1","0.004","26.41","1402701"
"0","0.01","90","0","0","0","2.5","0.01","0.18","0","2","0","0.007","26.4","1402800"
"0","0.01","90","0","0","0","2.5","0.01","0.18","0","0","0","0.009","26.37","1402901"
"0","0.01","90","0","0","0","2.5","0.01","0.18","0","0","0","0.007","26.4","1403001"
"0","0.01","90","0","0","0","2.5","0.01","0.18","0","0","0","0.005","26.38","1403100"
"0","0.01","90","0","0","0","2.5","0.01","0.18","0","0","0","0.006","26.38","1403200"
"0","0","90","0","0","0","2.5","0.01","0.18","0","1","-1","0.004","26.4","1403300"
"0","0.01","90","0","0","0","2.5","0.01","0.18","0","-2","0","0.006","26.37","1403400"
"0","0","90","0","0","0","2.5","0.01","0.18","0","0","-1","0.004","26.38","1403500"
"0","0.01","90","0","0","0","2.5","0.01","0.18","0","-2","1","0.008","26.38","1403601"
"-0.06","0.01","90","0","0","0","2.5","0.01","0.18","-1","-2","2","0.01","26.41","1403700"
"-0.06","0.01","90","0","0","0","2.5","0.01","0.18","-1","1","0","0.008","26.37","1403800"
"-0.06","0.01","90","0","0","0","2.5","0.01","0.18","-1","-1","-1","0.009","26.39","1403901"
"-0.06","0.01","90","0","0","0","2.5","0.01","0.18","-1","-1","0","0.008","26.39","1404000"
"0","0.01","90","0","0","0","2.5","0.01","0.18","0","0","0","0.006","26.42","1404101"
"-0.06","0","90","0","0","0","2.5","0.01","0.18","-1","0","0","0.005","26.44","1404201"
"0","0","90","0","0","0","2.5","0.01","0.18","0","0","0","0.005","26.42","1404300"
"0","0","90","0","0","0","2.5","0.01","0.18","0","1","0","0.004","26.39","1404400"
"-0.12","0","90","0","0","0","2.5","0.01","0.18","-2","-1","-1","0.002","26.41","1404500"
"-0.06","0","90","0","0","0","2.5","0.01","0.18","-1","-3","0","-0.001","26.37","1404600"
"0","0","90","0","0","0","2.5","0.01","0.18","0","0","1","0","26.39","1404700"
"-0.06","0","90","0","0","0","2.5","0.01","0.18","-1","1","0","0.002","26.41","1404800"
"0","0","90","0","0","0","2.5","0.01","0.18","0","-1","0","0.002","26.42","1404900"
"-0.06","0","90","0","0","0","2.5","0.01","0.18","-1","0","-2","0.001","26.4","1405000"
"0","0","90","0","0","0","2.5","0.01","0.18","0","0","0","0.001","26.38","1405100"
"0","0","90","0","0","0","2.5","0.01","0.18","0","0","1","0.001","26.39","1405200"
"0","0","90","0","0","0","2.5","0.01","0.18","0","0","3","0.003","26.39","1405300"
"-0.06","0","90","0","0","0","2.5","0.01","0.18","-1","0","0","0.004","26.41","1405401"
"0","0","90","0","0","0","2.5","0.01","0.18","0","-1","-1","0.001","26.4","1405500"
"0","0","90","0","0","0","2.5","0.01","0.18","0","0","0","-0.001","26.36","1405600"
"0","0","90","0","0","0","2.5","0.01","0.18","0","0","0","0","26.36","1405700"
"0","0","90","0","0","0","2.5","0.01","0.18","0","1","0","0","26.4","1405800"
"0","0","90","0","0","0","2.5","0.01","0.18","0","1","-1","-0.001","26.39","1405901"
"-0.06","0","90","0","0","0","2.5","0.01","0.18","-1","-1","0","-0.002","26.37","1406001"
"0","0","90","0","0","0","2.5","0.01","0.18","0","0","0","-0.003","26.4","1406100"
"0","0","90","0","0","0","2.5","0.01","0.18","0","0","2","-0.002","26.38","1406200"
"-0.06","0","90","0","0","0","2.5","0.01","0.18","-1","-1","-1","-0.005","26.39","1406301"
"0","-0.01","90","0","0","0","2.5","0.01","0.18","0","1","0","-0.008","26.39","1406400"
"0","-0.01","90","0","0","0","2.5","0.01","0.18","0","0","-1","-0.006","26.44","1406500"
"0","0","90","0","0","0","2.5","0.01","0.18","0","0","1","-0.005","26.39","1406600"
"0","-0.01","90","0","0","0","2.5","0.01","0.18","0","1","0","-0.006","26.4","1406700"
"0","-0.01","90","0","0","0","2.5","0.01","0.18","0","1","0","-0.006","26.41","1406800"
"0","-0.01","90","0","0","0","2.5","0.01","0.18","0","-3","0","-0.006","26.37","1406900"
"0","-0.01","90","0","0","0","2.5","0.01","0.18","0","2","5","-0.006","26.36","1407000"
"0.06","-0.01","90","0","0","0","2.5","0.01","0.18","1","4","-2","-0.009","26.36","1407100"
"0.06","-0.01","90","0","0","0","2.5","0.01","0.18","1","-9","2","-0.014","26.38","1407200"
"0","-0.01","90","0","0","0","2.5","0.01","0.18","0","-3","2","-0.01","26.37","1407300"
"-0.06","-0.01","90","0","0","0","2.5","0.01","0.18","-1","3","1","-0.012","26.41","1407401"
"0.06","-0.01","90","0","0","0","2.5","0.01","0.18","1","-1","0","-0.009","26.35","1407501"
"0","-0.01","90","0","0","0","2.5","0.01","0.18","0","-2","4","-0.01","26.39","1407600"
"-0.06","-0.01","90","0","0","0","2.5","0.01","0.18","-1","0","0","-0.005","26.37","1407700"
"-0.06","-0.01","90","0","0","0","2.5","0.01","0.18","-1","-2","0","-0.007","26.4","1407801"
"0","-0.01","90","0","0","0","2.5","0.01","0.18","0","0","1","-0.007","26.34","1407900"
"-0.06","-0.01","90","0","0","0","2.5","0.01","0.18","-1","0","-2","-0.006","26.4","1408000"
"0","-0.01","90","0","0","0","2.5","0.01","0.18","0","-2","-1","-0.01","26.4","1408100"
"0","-0.01","90","0","0","0","2.5","0.01","0.18","0","0","1","-0.01","26.39","1408201"
"-0.06","-0.01","90","0","0","0","2.5","0.01","0.18","-1","3","-1","-0.011","26.4","1408300"
"-0.06","-0.01","90","0","0","0","2.5","0.01","0.18","-1","3","0","-0.009","26.37","1408401"
"0","-0.01","90","0","0","0","2.5","0.01","0.18","0","1","0","-0.01","26.38","1408500"
"0","-0.01","90","0","0","0","2.5","0.01","0.18","0","1","-1","-0.011","26.37","1408600"
"0","-0.01","90","0","0","0","2.5","0.01","0.18","0","-1","0","-0.011","26.39","1408700"
"0","-0.01","90","0","0","0","2.5","0.01","0.18","0","1","0","-0.01","26.37","1408801"
"0.06","-0.01","90","0","0","0","2.5","0.01","0.18","1","0","0","-0.011","26.38","1408900"
"-0.06","-0.01","90","0","0","0","2.5","0.01","0.18","-1","2","-1","-0.011","26.38","1409000"
"0","-0.01","90","0","0","0","2.5","0.01","0.18","0","0","0","-0.01","26.39","1409101"
"0","-0.01","90","0","0","0","2.5","0.01","0.18","0","0","0","-0.011","26.42","1409200"
"0","-0.01","90","0","0","0","2.5","0.01","0.18","0","0","0","-0.01","26.39","1409300"
"0","-0.01","90","0","0","0","2.5","0.01","0.18","0","-1","0","-0.008","26.39","1409400"
"0.06","-0.01","90","0","0","0","2.5","0.01","0.18","1","-3","-4","-0.013","26.36","1409500"
"0","-0.01","90","0","0","0","2.5","0.01","0.18","0","0","3","-0.013","26.4","1409600"
"-0.12","-0.01","90","0","0","0","2.5","0.01","0.18","-2","4","-2","-0.013","26.37","1409701"
"0","-0.01","90","0","0","0","2.5","0.01","0.18","0","0","-1","-0.013","26.4","1409801"
"0","-0.02","90","0","0","0","2.5","0.01","0.18","0","1","0","-0.019","26.37","1409900"
"0","-0.01","90","0","0","0","2.5","0.01","0.18","0","0","1","-0.014","26.38","1410000"
"0","-0.02","90","0","0","0","2.5","0.01","0.18","0","0","-2","-0.018","26.34","1410100"
"0","-0.02","90","0","0","0","2.5","0.01","0.18","0","-2","1","-0.016","26.37","1410200"
"-0.06","-0.01","90","0","0","0","2.5","0.01","0.18","-1","0","-1","-0.012","26.37","1410300"
"-0.06","-0.01","90","0","0","0","2.5","0.01","0.18","-1","2","-1","-0.011","26.41","1410400"
"-0.06","-0.01","90","0","0","0","2.5","0.01","0.18","-1","2","0","-0.012","26.38","1410500"
"0","-0.01","90","0","0","0","2.5","0.01","0.18","0","1","-2","-0.012","26.38","1410601"
"0","-0.01","90","0","0","0","2.5","0.01","0.18","0","0","1","-0.012","26.35","1410700"
"0","-0.01","90","0","0","0","2.5","0.01","0.18","0","-1","0","-0.012","26.39","1410801"
"0","-0.01","90","0","0","0","2.5","0.01","0.18","0","0","0","-0.012","26.38","1410900"
"-0.06","-0.01","90","0","0","0","2.5","0.01","0.18","-1","-2","0","-0.012","26.39","1411001"
"-0.06","-0.01","90","0","0","0","2.5","0.01","0.18","-1","0","-2","-0.013","26.38","1411100"
"0.06","-0.01","90","0","0","0","2.5","0.01","0.18","1","0","0","-0.012","26.36","1411200"
"-0.06","-0.01","90","0","0","0","2.5","0.01","0.18","-1","-1","0","-0.014","26.41","1411301"
"-0.06","-0.01","90","0","0","0","2.5","0.01","0.18","-1","0","0","-0.015","26.37","1411400"
"0","-0.01","90","0","0","0","2.5","0.01","0.18","0","0","1","-0.013","26.36","1411501"
"-0.06","-0.01","90","0","0","0","2.5","0.01","0.18","-1","-1","1","-0.012","26.36","1411600"
"0","-0.01","90","0","0","0","2.5","0.01","0.18","0","0","0","-0.012","26.41","1411700"
"0","-0.01","90","0","0","0","2.5","0.01","0.18","0","1","0","-0.01","26.39","1411800"
"-0.06","-0.01","90","0","0","0","2.5","0.01","0.18","-1","3","0","-0.011","26.39","1411901"
"0","-0.01","90","0","0","0","2.5","0.01","0.18","0","0","0","-0.012","26.4","1412000"
"0","-0.01","90","0","0","0","2.5","0.01","0.18","0","0","0","-0.012","26.4","1412101"
"-0.06","-0.01","90","0","0","0","2.5","0.01","0.18","-1","0","0","-0.012","26.4","1412200"
"0","-0.01","90","0","0","0","2.5","0.01","0.18","0","-1","0","-0.011","26.31","1412300"
"-0.18","-0.01","90","0","0","0","2.5","0.01","0.18","-3","0","0","-0.014","26.39","1412401"
"0","-0.01","90","0","0","0","2.5","0.01","0.18","0","0","-1","-0.012","26.38","1412500"
"0.06","-0.01","90","0","0","0","2.5","0.01","0.18","1","1","0","-0.011","26.35","1412601"
"0","-0.01","90","0","0","0","2.5","0.01","0.18","0","0","0","-0.012","26.41","1412701"
"-0.06","-0.01","90","0","0","0","2.5","0.01","0.18","-1","0","0","-0.013","26.38","1412800"
"0","-0.01","90","0","0","0","2.5","0.01","0.18","0","0","0","-0.013","26.42","1412900"
"0","-0.01","90","0","0","0","2.5","0.01","0.18","0","-1","-1","-0.012","26.38","1413000"
"0","-0.01","90","0","0","0","2.5","0.01","0.18","0","0","0","-0.013","26.35","1413101"
"0.06","-0.01","90","0","0","0","2.5","0.01","0.18","1","2","0","-0.012","26.37","1413201"
"0.06","-0.01","90","0","0","0","2.5","0.01","0.18","1","2","0","-0.013","26.37","1413300"
"0","-0.01","90","0","0","0","2.5","0.01","0.18","0","-3","1","-0.012","26.42","1413401"
"0","-0.01","90","0","0","0","2.5","0.01","0.18","0","-2","-1","-0.012","26.43","1413500"
"-0.06","-0.01","90","0","0","0","2.5","0.01","0.18","-1","2","-3","-0.013","26.41","1413601"
"0","-0.01","90","0","0","0","2.5","0.01","0.18","0","1","0","-0.013","26.38","1413700"
"0","-0.01","90","0","0","0","2.5","0.01","0.18","0","2","-3","-0.014","26.4","1413800"
"0","-0.01","90","0","0","0","2.5","0.01","0.18","0","0","1","-0.014","26.37","1413901"
"-0.06","-0.01","90","0","0","0","2.5","0.01","0.18","-1","-1","0","-0.015","26.39","1414000"
"0","-0.01","90","0","0","0","2.5","0.01","0.18","0","0","-2","-0.015","26.4","1414100"
"0","-0.02","90","0","0","0","2.5","0.01","0.18","0","0","0","-0.015","26.36","1414201"
"0","-0.01","90","0","0","0","2.5","0.01","0.18","0","0","0","-0.015","26.4","1414300"
"-0.06","-0.02","90","0","0","0","2.5","0.01","0.18","-1","0","-1","-0.016","26.38","1414400"
"0","-0.02","90","0","0","0","2.5","0.01","0.18","0","-1","0","-0.017","26.38","1414500"
"-0.12","-0.02","90","0","0","0","2.5","0.01","0.18","-2","1","-2","-0.018","26.41","1414601"
"0","-0.02","90","0","0","0","2.5","0.01","0.18","0","0","1","-0.018","26.38","1414700"
"-0.06","-0.02","90","0","0","0","2.5","0.01","0.18","-1","2","0","-0.018","26.36","1414800"
"0","-0.02","90","0","0","0","2.5","0.01","0.18","0","0","0","-0.018","26.42","1414900"
"-0.12","-0.02","90","0","0","0","2.5","0.01","0.18","-2","0","0","-0.02","26.39","1415000"
"0","-0.02","90","0","0","0","2.5","0.01","0.18","0","0","0","-0.022","26.41","1415101"
"0","-0.02","90","0","0","0","2.5","0.01","0.18","0","0","0","-0.02","26.42","1415200"
"0","-0.02","90","0","0","0","2.5","0.01","0.18","0","-1","0","-0.024","26.41","1415300"
"0","-0.02","90","0","0","0","2.5","0.01","0.18","0","0","-1","-0.025","26.36","1415400"
"0","-0.02","90","0","0","0","2.5","0.01","0.18","0","-2","0","-0.024","26.39","1415500"
"0","-0.02","90","0","0","0","2.5","0.01","0.18","0","-1","0","-0.023","26.38","1415600"
"0","-0.02","90","0","0","0","2.5","0.01","0.18","0","0","0","-0.021","26.36","1415700"
"0","-0.02","90","0","0","0","2.5","0.01","0.18","0","1","1","-0.018","26.39","1415801"
"-0.06","-0.02","90","0","0","0","2.5","0.01","0.18","-1","1","1","-0.016","26.34","1415900"
"0","-0.02","90","0","0","0","2.5","0.01","0.18","0","1","0","-0.018","26.41","1416001"
"0","-0.02","90","0","0","0","2.5","0.01","0.18","0","0","0","-0.019","26.38","1416100"
"0","-0.02","90","0","0","0","2.5","0.01","0.18","0","1","0","-0.018","26.36","1416200"
"0","-0.02","90","0","0","0","2.5","0.01","0.18","0","3","0","-0.019","26.39","1416300"
"-0.06","-0.02","90","0","0","0","2.5","0.01","0.18","-1","0","0","-0.018","26.4","1416401"
"0","-0.02","90","0","0","0","2.5","0.01","0.18","0","-3","1","-0.017","26.37","1416501"
"-0.06","-0.02","90","0","0","0","2.5","0.01","0.18","-1","1","0","-0.016","26.39","1416601"
"0","-0.02","90","0","0","0","2.5","0.01","0.18","0","-1","-1","-0.019","26.4","1416700"
"-0.06","-0.02","90","0","0","0","2.5","0.01","0.18","-1","0","0","-0.019","26.38","1416801"
"0","-0.02","90","0","0","0","2.5","0.01","0.18","0","0","-1","-0.019","26.4","1416900"
"0.06","-0.02","90","0","0","0","2.5","0.01","0.18","1","-3","-2","-0.02","26.41","1417000"
"-0.06","-0.02","90","0","0","0","2.5","0.01","0.18","-1","0","0","-0.02","26.4","1417100"
"0","-0.02","90","0","0","0","2.5","0.01","0.18","0","0","0","-0.02","26.35","1417200"
"0.06","-0.02","90","0","0","0","2.5","0.01","0.18","1","-1","0","-0.019","26.39","1417300"
"0","-0.02","90","0","0","0","2.5","0.01","0.18","0","2","-1","-0.018","26.39","1417400"
"0","-0.02","90","0","0","0","2.5","0.01","0.18","0","3","0","-0.021","26.42","1417500"
"0","-0.02","90","0","0","0","2.5","0.01","0.18","0","0","2","-0.021","26.35","1417601"
"0.06","-0.02","90","0","0","0","2.5","0.01","0.18","1","-1","0","-0.021","26.35","1417700"
"-0.06","-0.02","90","0","0","0","2.5","0.01","0.18","-1","-1","1","-0.02","26.34","1417801"
"0","-0.02","90","0","0","0","2.5","0.01","0.18","0","0","0","-0.02","26.38","1417900"
"-0.06","-0.02","90","0","0","0","2.5","0.01","0.18","-1","-1","0","-0.019","26.41","1418000"
"0","-0.02","90","0","0","0","2.5","0.01","0.18","0","0","0","-0.021","26.39","1418100"
"0","-0.02","90","0","0","0","2.5","0.01","0.18","0","0","0","-0.019","26.37","1418200"
"0","-0.02","90","0","0","0","2.5","0.01","0.18","0","-2","0","-0.018","26.37","1418300"
"0","-0.02","90","0","0","0","2.5","0.01","0.18","0","0","0","-0.018","26.38","1418401"
"0","-0.02","90","0","0","0","2.5","0.01","0.18","0","2","0","-0.016","26.4","1418500"
"-0.06","-0.02","90","0","0","0","2.5","0.01","0.18","-1","0","0","-0.018","26.4","1418600"
"0","-0.02","90","0","0","0","2.5","0.01","0.18","0","0","-1","-0.018","26.37","1418700"
"-0.06","-0.02","90","0","0","0","2.5","0.01","0.18","-1","1","-1","-0.02","26.34","1418800"
"0","-0.02","90","0","0","0","2.5","0.01","0.18","0","0","1","-0.02","26.36","1418901"
"0.06","-0.02","90","0","0","0","2.5","0.01","0.18","1","0","-1","-0.02","26.41","1419000"
"0","-0.02","90","0","0","0","2.5","0.01","0.18","0","-2","1","-0.019","26.41","1419100"
"-0.06","-0.02","90","0","0","0","2.5","0.01","0.18","-1","-1","0","-0.019","26.4","1419200"
"0","-0.02","90","0","0","0","2.5","0.01","0.18","0","1","0","-0.019","26.36","1419300"
"0","-0.02","90","0","0","0","2.5","0.01","0.18","0","0","1","-0.018","26.36","1419400"
"-0.06","-0.02","90","0","0","0","2.5","0.01","0.18","-1","1","0","-0.018","26.38","1419501"
"0","-0.01","90","0","0","0","2.5","0.01","0.18","0","2","-3","-0.015","26.36","1419600"
"0","-0.01","90","0","0","0","2.5","0.01","0.18","0","0","0","-0.014","26.38","1419701"
"0.06","-0.01","90","0","0","0","2.5","0.01","0.18","1","0","0","-0.013","26.38","1419801"
"-0.06","-0.01","90","0","0","0","2.5","0.01","0.18","-1","0","0","-0.012","26.38","1419900"
"0","-0.01","90","0","0","0","2.5","0.01","0.18","0","1","0","-0.011","26.42","1420000"
"0.06","-0.01","90","0","0","0","2.5","0.01","0.18","1","1","2","-0.009","26.4","1420101"
"0","-0.01","90","0","0","0","2.5","0.01","0.18","0","0","0","-0.008","26.36","1420201"
"-0.06","-0.01","90","0","0","0","2.5","0.01","0.18","-1","0","0","-0.008","26.41","1420301"
"-0.06","-0.01","90","0","0","0","2.5","0.01","0.18","-1","0","0","-0.009","26.38","1420400"
"0","-0.01","90","0","0","0","2.5","0.01","0.18","0","-2","-1","-0.009","26.39","1420500"
"0","-0.01","90","0","0","0","2.5","0.01","0.18","0","-1","0","-0.009","26.37","1420601"
"-0.06","-0.01","90","0","0","0","2.5","0.01","0.18","-1","1","0","-0.009","26.38","1420700"
"-0.06","-0.01","90","0","0","0","2.5","0.01","0.18","-1","0","0","-0.009","26.39","1420800"
"0","-0.01","90","0","0","0","2.5","0.01","0.18","0","-1","-1","-0.009","26.4","1420900"
"0","-0.01","90","0","0","0","2.5","0.01","0.18","0","0","-1","-0.01","26.39","1421000"
"0","-0.01","90","0","0","0","2.5","0.01","0.18","0","-3","0","-0.01","26.39","1421100"
"-0.06","-0.01","90","0","0","0","2.5","0.01","0.18","-1","2","0","-0.01","26.41","1421200"
"-0.12","-0.01","90","0","0","0","2.5","0.01","0.18","-2","0","-1","-0.012","26.38","1421300"
"-0.06","-0.01","90","0","0","0","2.5","0.01","0.18","-1","1","-1","-0.01","26.37","1421400"
"0.06","-0.01","90","0","0","0","2.5","0.01","0.18","1","0","-1","-0.011","26.36","1421500"
"-0.06","-0.01","90","0","0","0","2.5","0.01","0.18","-1","0","0","-0.01","26.38","1421601"
"0","-0.01","90","0","0","0","2.5","0.01","0.18","0","1","2","-0.008","26.39","1421701"
"0.06","-0.01","90","0","0","0","2.5","0.01","0.18","1","-1","0","-0.009","26.37","1421801"
"-0.06","-0.01","90","0","0","0","2.5","0.01","0.18","-1","0","0","-0.011","26.37","1421901"
"0","-0.01","90","0","0","0","2.5","0.01","0.18","0","0","2","-0.011","26.35","1422001"
"0","-0.01","90","0","0","0","2.5","0.01","0.18","0","1","-2","-0.01","26.39","1422100"
"-0.06","-0.01","90","0","0","0","2.5","0.01","0.18","-1","0","-2","-0.015","26.39","1422200"
"0","-0.01","90","0","0","0","2.5","0.01","0.18","0","-2","0","-0.013","26.4","1422300"
"-0.06","-0.01","90","0","0","0","2.5","0.01","0.18","-1","0","0","-0.014","26.38","1422400"
"-0.12","-0.01","90","0","0","0","2.5","0.01","0.18","-2","2","0","-0.014","26.39","1422500"
"0","-0.01","90","0","0","0","2.5","0.01","0.18","0","-1","0","-0.012","26.39","1422600"
"0","-0.01","90","0","0","0","2.5","0.01","0.18","0","-1","0","-0.013","26.41","1422701"
"-0.06","-0.01","90","0","0","0","2.5","0.01","0.18","-1","0","0","-0.013","26.38","1422800"
"-0.06","-0.01","90","0","0","0","2.5","0.01","0.18","-1","-1","-2","-0.014","26.37","1422901"
"0","-0.01","90","0","0","0","2.5","0.01","0.18","0","1","0","-0.015","26.34","1423000"
"0","-0.01","90","0","0","0","2.5","0.01","0.18","0","0","0","-0.014","26.37","1423101"
"0","-0.02","90","0","0","0","2.5","0.01","0.18","0","0","0","-0.017","26.37","1423200"
"0","-0.01","90","0","0","0","2.5","0.01","0.18","0","0","0","-0.015","26.36","1423300"
"0","-0.01","90","0","0","0","2.5","0.01","0.18","0","0","0","-0.014","26.4","1423401"
"-0.06","-0.02","90","0","0","0","2.5","0.01","0.18","-1","0","0","-0.016","26.38","1423500"
"0","-0.02","90","0","0","0","2.5","0.01","0.18","0","0","1","-0.018","26.42","1423600"
"-0.18","-0.02","90","0","0","0","2.5","0.01","0.18","-3","-1","0","-0.02","26.37","1423701"
"0","-0.02","90","0","0","0","2.5","0.01","0.18","0","1","0","-0.019","26.39","1423800"
"0","-0.02","90","0","0","0","2.5","0.01","0.18","0","1","-1","-0.021","26.37","1423901"
"0","-0.02","90","0","0","0","2.5","0.01","0.18","0","0","0","-0.02","26.36","1424001"
"0.06","-0.02","90","0","0","0","2.5","0.01","0.18","1","1","0","-0.019","26.36","1424100"
"0","-0.02","90","0","0","0","2.5","0.01","0.18","0","2","0","-0.02","26.38","1424200"
"-0.06","-0.02","90","0","0","0","2.5","0.01","0.18","-1","-3","2","-0.018","26.37","1424301"
"0.06","-0.02","90","0","0","0","2.5","0.01","0.18","1","-1","0","-0.018","26.4","1424400"
"0","-0.02","90","0","0","0","2.5","0.01","0.18","0","-1","0","-0.018","26.38","1424500"
"-0.06","-0.02","90","0","0","0","2.5","0.01","0.18","-1","-1","-1","-0.019","26.36","1424600"
"0","-0.02","90","0","0","0","2.5","0.01","0.18","0","1","-1","-0.02","26.41","1424700"
"0.06","-0.02","90","0","0","0","2.5","0.01","0.18","1","0","0","-0.02","26.39","1424800"
"0","-0.02","90","0","0","0","2.5","0.01","0.18","0","2","0","-0.02","26.38","1424900"
"0","-0.02","90","0","0","0","2.5","0.01","0.18","0","0","0","-0.017","26.41","1425000"
"0","-0.02","90","0","0","0","2.5","0.01","0.18","0","0","-1","-0.019","26.38","1425100"
"0","-0.02","90","0","0","0","2.5","0.01","0.18","0","0","-1","-0.016","26.39","1425200"
"0","-0.02","90","0","0","0","2.5","0.01","0.18","0","0","0","-0.018","26.38","1425301"
"0","-0.02","90","0","0","0","2.5","0.01","0.18","0","0","0","-0.017","26.4","1425400"
"0","-0.02","90","0","0","0","2.5","0.01","0.18","0","-2","2","-0.016","26.37","1425501"
"-0.18","-0.02","90","0","0","0","2.5","0.01","0.18","-3","0","0","-0.018","26.39","1425600"
"-0.18","-0.02","90","0","0","0","2.5","0.01","0.18","-3","0","2","-0.017","26.37","1425700"
"-0.06","-0.02","90","0","0","0","2.5","0.01","0.18","-1","0","0","-0.015","26.4","1425800"
"0","-0.02","90","0","0","0","2.5","0.01","0.18","0","2","0","-0.016","26.36","1425900"
"0","-0.02","90","0","0","0","2.5","0.01","0.18","0","0","0","-0.017","26.37","1426000"
"-0.06","-0.02","90","0","0","0","2.5","0.01","0.18","-1","0","0","-0.018","26.42","1426100"
"0","-0.02","90","0","0","0","2.5","0.01","0.18","0","2","0","-0.019","26.39","1426200"
"0","-0.02","90","0","0","0","2.5","0.01","0.18","0","0","-1","-0.017","26.37","1426300"
"-0.06","-0.02","90","0","0","0","2.5","0.01","0.18","-1","0","0","-0.016","26.39","1426401"
"0","-0.02","90","0","0","0","2.5","0.01","0.18","0","0","2","-0.015","26.35","1426500"
"0","-0.02","90","0","0","0","2.5","0.01","0.18","0","-3","0","-0.015","26.37","1426601"
"0","-0.01","90","0","0","0","2.5","0.01","0.18","0","-3","2","-0.013","26.36","1426700"
"0.06","-0.01","90","0","0","0","2.5","0.01","0.18","1","0","0","-0.013","26.38","1426801"
"-0.12","-0.01","90","0","0","0","2.5","0.01","0.18","-2","2","-1","-0.011","26.38","1426900"
"0","-0.01","90","0","0","0","2.5","0.01","0.18","0","0","-1","-0.011","26.35","1427000"
"0","-0.01","90","0","0","0","2.5","0.01","0.18","0","2","0","-0.011","26.36","1427100"
"0","-0.01","90","0","0","0","2.5","0.01","0.18","0","0","3","-0.011","26.4","1427201"
"-0.18","-0.01","90","0","0","0","2.5","0.01","0.18","-3","1","1","-0.01","26.36","1427300"
"0","-0.01","90","0","0","0","2.5","0.01","0.18","0","-2","0","-0.009","26.36","1427400"
"0","-0.01","90","0","0","0","2.5","0.01","0.18","0","-1","0","-0.008","26.39","1427501"
"-0.06","-0.01","90","0","0","0","2.5","0.01","0.18","-1","1","-2","-0.008","26.37","1427600"
"0","-0.01","90","0","0","0","2.5","0.01","0.18","0","0","-1","-0.009","26.38","1427700"
"0","-0.01","90","0","0","0","2.5","0.01","0.18","0","0","0","-0.011","26.4","1427800"
"0.06","-0.01","90","0","0","0","2.5","0.01","0.18","1","-1","1","-0.01","26.37","1427901"
"0","-0.01","90","0","0","0","2.5","0.01","0.18","0","-1","0","-0.007","26.41","1428000"
"0","-0.01","90","0","0","0","2.5","0.01","0.18","0","1","0","-0.006","26.39","1428100"
"0","-0.01","90","0","0","0","2.5","0.01","0.18","0","0","-3","-0.006","26.38","1428200"
"-0.12","-0.01","90","0","0","0","2.5","0.01","0.18","-2","-1","-1","-0.01","26.39","1428300"
"-0.12","-0.01","90","0","0","0","2.5","0.01","0.18","-2","3","1","-0.008","26.38","1428400"
"0","-0.01","90","0","0","0","2.5","0.01","0.18","0","0","-2","-0.008","26.38","1428500"
"0","-0.01","90","0","0","0","2.5","0.01","0.18","0","1","1","-0.014","26.42","1428600"
"0","-0.01","90","0","0","0","2.5","0.01","0.18","0","1","0","-0.01","26.4","1428701"
"0","-0.01","90","0","0","0","2.5","0.01","0.18","0","0","1","-0.008","26.36","1428800"
"0","-0.01","90","0","0","0","2.5","0.01","0.18","0","-1","0","-0.006","26.36","1428900"
"-0.06","-0.01","90","0","0","0","2.5","0.01","0.18","-1","-3","0","-0.006","26.4","1429001"
"-0.12","0","90","0","0","0","2.5","0.01","0.18","-2","2","1","-0.004","26.38","1429101"
"0.06","0","90","0","0","0","2.5","0.01","0.18","1","0","0","-0.004","26.36","1429200"
"0","-0.01","90","0","0","0","2.5","0.01","0.18","0","0","0","-0.006","26.37","1429301"
"-0.06","-0.01","90","0","0","0","2.5","0.01","0.18","-1","0","0","-0.007","26.37","1429400"
"0","-0.01","90","0","0","0","2.5","0.01","0.18","0","2","-2","-0.008","26.35","1429501"
"0","-0.01","90","0","0","0","2.5","0.01","0.18","0","0","-1","-0.01","26.37","1429601"
"0","-0.01","90","0","0","0","2.5","0.01","0.18","0","-1","0","-0.008","26.38","1429701"
"0","-0.01","90","0","0","0","2.5","0.01","0.18","0","-2","0","-0.008","26.42","1429800"
"0","-0.01","90","0","0","0","2.5","0.01","0.18","0","0","0","-0.009","26.36","1429900"
"0","-0.01","90","0","0","0","2.5","0.01","0.18","0","0","-2","-0.009","26.37","1430000"
"-0.12","-0.01","90","0","0","0","2.5","0.01","0.18","-2","1","0","-0.009","26.39","1430100"
"0","-0.01","90","0","0","0","2.5","0.01","0.18","0","0","1","-0.007","26.4","1430200"
"0","-0.01","90","0","0","0","2.5","0.01","0.18","0","0","0","-0.006","26.39","1430300"
"0.18","-0.01","90","0","0","0","2.5","0.01","0.18","3","2","-3","-0.007","26.42","1430400"
"-0.06","-0.01","90","0","0","0","2.5","0.01","0.18","-1","-1","2","-0.008","26.4","1430501"
"0","-0.01","90","0","0","0","2.5","0.01","0.18","0","0","0","-0.006","26.38","1430600"
"-0.06","-0.01","90","0","0","0","2.5","0.01","0.18","-1","1","-2","-0.008","26.37","1430700"
"0","-0.01","90","0","0","0","2.5","0.01","0.18","0","0","1","-0.007","26.38","1430800"
"0","-0.01","90","0","0","0","2.5","0.01","0.18","0","-1","0","-0.007","26.38","1430900"
"0","-0.01","90","0","0","0","2.5","0.01","0.18","0","2","0","-0.01","26.38","1431000"
"0","-0.01","90","0","0","0","2.5","0.01","0.18","0","0","-1","-0.01","26.39","1431100"
"0","-0.01","90","0","0","0","2.5","0.01","0.18","0","0","-1","-0.01","26.36","1431201"
"0","-0.01","90","0","0","0","2.5","0.01","0.18","0","0","0","-0.01","26.38","1431301"
"0","-0.01","90","0","0","0","2.5","0.01","0.18","0","0","0","-0.008","26.4","1431400"
"0","-0.01","90","0","0","0","2.5","0.01","0.18","0","-2","0","-0.007","26.39","1431500"
"-0.12","-0.01","90","0","0","0","2.5","0.01","0.18","-2","0","1","-0.007","26.4","1431600"
"0","-0.01","90","0","0","0","2.5","0.01","0.18","0","0","0","-0.007","26.34","1431700"
"-0.06","-0.01","90","0","0","0","2.5","0.01","0.18","-1","-1","1","-0.006","26.36","1431800"
"0","-0.01","90","0","0","0","2.5","0.01","0.18","0","0","-1","-0.007","26.38","1431900"
"0","-0.01","90","0","0","0","2.5","0.01","0.18","0","0","0","-0.007","26.4","1432001"
"0","-0.01","90","0","0","0","2.5","0.01","0.18","0","0","0","-0.006","26.37","1432100"
"-0.12","-0.01","90","0","0","0","2.5","0.01","0.18","-2","0","0","-0.009","26.41","1432201"
"-0.06","-0.01","90","0","0","0","2.5","0.01","0.18","-1","0","0","-0.01","26.38","1432300"
"0","-0.01","90","0","0","0","2.5","0.01","0.18","0","-1","-1","-0.01","26.38","1432400"
"-0.12","-0.01","90","0","0","0","2.5","0.01","0.18","-2","-9","1","-0.008","26.35","1432500"
"0","-0.02","90","0","0","0","2.5","0.01","0.18","0","10","4","-0.02","26.37","1432601"
"-0.18","-0.02","90","0","0","0","2.5","0.01","0.18","-3","7","21","-0.016","26.39","1432701"
"-0.37","0","90","0","0","0","2.5","0.01","0.18","-6","0","23","-0.003","26.37","1432800"
"0","-0.01","90","0","0","0","2.5","0.01","0.18","0","-4","-10","-0.007","26.37","1432901"
"-0.37","-0.01","90","0","0","0","2.5","0.01","0.18","-6","-1","8","-0.012","26.4","1433000"
"0","0","90","0","0","0","2.5","0.01","0.18","0","-2","0","-0.003","26.37","1433100"
"-0.06","-0.01","90","0","0","0","2.5","0.01","0.18","-1","0","0","-0.007","26.39","1433201"
"0","0","90","0","0","0","2.5","0.01","0.18","0","2","-2","-0.002","26.38","1433300"
"-0.06","0","90","0","0","0","2.5","0.01","0.18","-1","2","-2","-0.001","26.41","1433400"
"0","0","90","0","0","0","2.5","0.01","0.18","0","2","0","-0.001","26.39","1433500"
"0","0","90","0","0","0","2.5","0.01","0.18","0","0","0","0.002","26.35","1433600"
"0.06","0","90","0","0","0","2.5","0.01","0.18","1","3","-6","-0.001","26.37","1433700"
"0","0","90","0","0","0","2.5","0.01","0.18","0","1","-1","-0.002","26.35","1433801"
"0","0","90","0","0","0","2.5","0.01","0.18","0","-1","0","-0.001","26.38","1433900"
"0.12","0","90","0","0","0","2.5","0.01","0.18","2","0","1","0.003","26.39","1434001"
"0","0","90","0","0","0","2.5","0.01","0.18","0","-4","-2","-0.001","26.4","1434100"
"0","0","90","0","0","0","2.5","0.01","0.18","0","0","1","-0.002","26.39","1434200"
"-0.12","0","90","0","0","0","2.5","0.01","0.18","-2","3","1","-0.004","26.38","1434300"
"0","0","90","0","0","0","2.5","0.01","0.18","0","-3","-1","-0.002","26.4","1434400"
"-0.06","0","90","0","0","0","2.5","0.01","0.18","-1","-1","0","-0.001","26.35","1434500"
"0","0","90","0","0","0","2.5","0.01","0.18","0","0","-1","-0.003","26.38","1434601"
"-0.06","0","90","0","0","0","2.5","0.01","0.18","-1","1","0","-0.002","26.35","1434700"
"-0.06","0","90","0","0","0","2.5","0.01","0.18","-1","-1","1","0.001","26.38","1434800"
"-0.06","0","90","0","0","0","2.5","0.01","0.18","-1","1","0","-0.001","26.4","1434900"
"-0.06","0","90","0","0","0","2.5","0.01","0.18","-1","-1","0","-0.004","26.42","1435000"
"0","0","90","0","0","0","2.5","0.01","0.18","0","-3","0","-0.001","26.37","1435100"
"0.12","0","90","0","0","0","2.5","0.01","0.18","2","0","0","0.001","26.38","1435200"
"0","0","90","0","0","0","2.5","0.01","0.18","0","2","0","0.002","26.39","1435300"
"-0.12","0","90","0","0","0","2.5","0.01","0.18","-2","1","0","0.002","26.41","1435400"
"0.06","0","90","0","0","0","2.5","0.01","0.18","1","0","0","0.005","26.38","1435500"
"0","0.01","90","0","0","0","2.5","0.01","0.18","0","0","0","0.006","26.38","1435600"
"-0.06","0.01","90","0","0","0","2.5","0.01","0.18","-1","0","0","0.007","26.39","1435700"
"0","0.01","90","0","0","0","2.5","0.01","0.18","0","0","-5","0.011","26.38","1435800"
"-0.06","0.01","90","0","0","0","2.5","0.01","0.18","-1","0","0","0.009","26.37","1435900"
"0","0.01","90","0","0","0","2.5","0.01","0.18","0","0","-5","0.013","26.39","1436000"
"0","0.01","90","0","0","0","2.5","0.01","0.18","0","-1","-1","0.01","26.37","1436101"
"0","0.01","90","0","0","0","2.5","0.01","0.18","0","-1","-2","0.013","26.39","1436200"
"0.06","0.01","90","0","0","0","2.5","0.01","0.18","1","0","0","0.01","26.39","1436301"
"0.06","0.01","90","0","0","0","2.5","0.01","0.18","1","0","-1","0.01","26.39","1436400"
"0.06","0.01","90","0","0","0","2.5","0.01","0.18","1","1","0","0.013","26.37","1436500"
"0","0.01","90","0","0","0","2.5","0.01","0.18","0","0","0","0.014","26.4","1436601"
"0.06","0.01","90","0","0","0","2.5","0.01","0.18","1","0","1","0.015","26.38","1436700"
"0","0.02","90","0","0","0","2.5","0.01","0.18","0","-3","1","0.018","26.36","1436800"
"0","0.02","90","0","0","0","2.5","0.01","0.18","0","-1","0","0.018","26.36","1436900"
"-0.06","0.02","90","0","0","0","2.5","0.01","0.18","-1","0","0","0.017","26.37","1437000"
"0","0.02","90","0","0","0","2.5","0.01","0.18","0","0","0","0.017","26.39","1437100"
"0","0.02","90","0","0","0","2.5","0.01","0.18","0","0","0","0.016","26.41","1437201"
"-0.06","0.02","90","0","0","0","2.5","0.01","0.18","-1","1","-1","0.015","26.38","1437301"
"-0.06","0.01","90","0","0","0","2.5","0.01","0.18","-1","0","0","0.015","26.4","1437400"
"0","0.02","90","0","0","0","2.5","0.01","0.18","0","-2","0","0.015","26.37","1437501"
"0","0.02","90","0","0","0","2.5","0.01","0.18","0","-1","0","0.015","26.4","1437600"
"0","0.01","90","0","0","0","2.5","0.01","0.18","0","0","-1","0.013","26.38","1437700"
"0","0.01","90","0","0","0","2.5","0.01","0.18","0","0","0","0.011","26.38","1437800"
"-0.06","0.01","90","0","0","0","2.5","0.01","0.18","-1","1","-2","0.01","26.4","1437900"
"0","0.01","90","0","0","0","2.5","0.01","0.18","0","-1","0","0.008","26.4","1438000"
"-0.06","0.01","90","0","0","0","2.5","0.01","0.18","-1","1","0","0.01","26.38","1438100"
"0.06","0.01","90","0","0","0","2.5","0.01","0.18","1","0","0","0.01","26.39","1438200"
"0","0.01","90","0","0","0","2.5","0.01","0.18","0","-2","0","0.011","26.39","1438300"
"0","0.01","90","0","0","0","2.5","0.01","0.18","0","-2","0","0.01","26.39","1438401"
"0","0.01","90","0","0","0","2.5","0.01","0.18","0","1","0","0.009","26.41","1438500"
"0.06","0.01","90","0","0","0","2.5","0.01","0.18","1","0","2","0.008","26.38","1438600"
"0","0.01","90","0","0","0","2.5","0.01","0.18","0","-1","0","0.008","26.33","1438700"
"0","0.01","90","0","0","0","2.5","0.01","0.18","0","1","-1","0.008","26.38","1438800"
"0","0.01","90","0","0","0","2.5","0.01","0.18","0","0","0","0.007","26.39","1438900"
"-0.06","0.01","90","0","0","0","2.5","0.01","0.18","-1","0","1","0.007","26.36","1439000"
"0","0.01","90","0","0","0","2.5","0.01","0.18","0","0","0","0.011","26.34","1439100"
"0","0.01","90","0","0","0","2.5","0.01","0.18","0","1","1","0.012","26.34","1439200"
"0","0.01","90","0","0","0","2.5","0.01","0.18","0","-1","-1","0.013","26.38","1439301"
"0","0.01","90","0","0","0","2.5","0.01","0.18","0","0","0","0.011","26.39","1439401"
"0","0.02","90","0","0","0","2.5","0.01","0.18","0","1","2","0.016","26.38","1439500"
"0","0.01","90","0","0","0","2.5","0.01","0.18","0","-1","-1","0.011","26.38","1439601"
"-0.06","0.01","90","0","0","0","2.5","0.01","0.18","-1","0","0","0.012","26.38","1439700"
"0","0.01","90","0","0","0","2.5","0.01","0.18","0","1","-1","0.01","26.39","1439800"
"0","0.01","90","0","0","0","2.5","0.01","0.18","0","0","1","0.012","26.37","1439900"
"0.06","0.01","90","0","0","0","2.5","0.01","0.18","1","-1","0","0.013","26.38","1440000"
"0","0.01","90","0","0","0","2.5","0.01","0.18","0","0","1","0.014","26.39","1440100"
"0","0.01","90","0","0","0","2.5","0.01","0.18","0","0","0","0.014","26.4","1440200"
"-0.06","0.01","90","0","0","0","2.5","0.01","0.18","-1","0","0","0.014","26.38","1440300"
"-0.06","0.01","90","0","0","0","2.5","0.01","0.18","-1","0","-2","0.01","26.4","1440401"
"0","0.01","90","0","0","0","2.5","0.01","0.18","0","0","1","0.008","26.4","1440501"
"0","0.01","90","0","0","0","2.5","0.01","0.18","0","0","0","0.009","26.41","1440601"
"0","0.01","90","0","0","0","2.5","0.01","0.18","0","-2","-1","0.008","26.38","1440701"
"0","0.01","90","0","0","0","2.5","0.01","0.18","0","0","0","0.006","26.38","1440801"
"0","0.01","90","0","0","0","2.5","0.01","0.18","0","0","0","0.006","26.42","1440901"
"-0.06","0.01","90","0","0","0","2.5","0.01","0.18","-1","-1","0","0.007","26.4","1441000"
"0.06","0.01","90","0","0","0","2.5","0.01","0.18","1","-1","0","0.009","26.39","1441101"
"0","0.01","90","0","0","0","2.5","0.01","0.18","0","0","-1","0.009","26.39","1441200"
"-0.06","0.01","90","0","0","0","2.5","0.01","0.18","-1","-2","0","0.009","26.4","1441300"
"0","0.01","90","0","0","0","2.5","0.01","0.18","0","1","2","0.011","26.38","1441400"
"-0.06","0.01","90","0","0","0","2.5","0.01","0.18","-1","1","-3","0.01","26.4","1441500"
"-0.06","0.01","90","0","0","0","2.5","0.01","0.18","-1","-2","0","0.01","26.38","1441600"
"0","0.01","90","0","0","0","2.5","0.01","0.18","0","0","0","0.008","26.38","1441700"
"0","0.01","90","0","0","0","2.5","0.01","0.18","0","1","0","0.008","26.41","1441800"
"0","0.01","90","0","0","0","2.5","0.01","0.18","0","1","0","0.009","26.42","1441901"
"-0.06","0.01","90","0","0","0","2.5","0.01","0.18","-1","-1","1","0.008","26.36","1442000"
"0","0.01","90","0","0","0","2.5","0.01","0.18","0","0","1","0.008","26.36","1442100"
"0","0.01","90","0","0","0","2.5","0.01","0.18","0","0","0","0.006","26.38","1442200"
"-0.06","0.01","90","0","0","0","2.5","0.01","0.18","-1","0","0","0.005","26.38","1442300"
"0","0","90","0","0","0","2.5","0.01","0.18","0","0","-1","0.004","26.39","1442400"
"0","0","90","0","0","0","2.5","0.01","0.18","0","0","0","0.004","26.4","1442501"
"-0.18","0.01","90","0","0","0","2.5","0.01","0.18","-3","0","1","0.005","26.39","1442600"
"0","0.01","90","0","0","0","2.5","0.01","0.18","0","3","0","0.005","26.42","1442701"
"0.12","0","90","0","0","0","2.5","0.01","0.18","2","-1","1","0.005","26.38","1442801"
"-0.06","0.01","90","0","0","0","2.5","0.01","0.18","-1","-3","0","0.007","26.38","1442900"
"0","0.01","90","0","0","0","2.5","0.01","0.18","0","2","1","0.006","26.37","1443000"
"0.06","0.01","90","0","0","0","2.5","0.01","0.18","1","0","-1","0.006","26.38","1443100"
"0","0.01","90","0","0","0","2.5","0.01","0.18","0","1","2","0.006","26.4","1443201"
"0.06","0","90","0","0","0","2.5","0.01","0.18","1","0","0","0.004","26.37","1443300"
"-0.06","0","90","0","0","0","2.5","0.01","0.18","-1","0","0","0.003","26.38","1443400"
"0","0","90","0","0","0","2.5","0.01","0.18","0","-1","1","0.002","26.38","1443500"
"0","0","90","0","0","0","2.5","0.01","0.18","0","1","1","0.001","26.37","1443601"
"0","0","90","0","0","0","2.5","0.01","0.18","0","1","-1","-0.001","26.39","1443700"
"0","0","90","0","0","0","2.5","0.01","0.18","0","0","0","-0.003","26.4","1443800"
"0","0","90","0","0","0","2.5","0.01","0.18","0","-1","0","-0.002","26.37","1443900"
"0","0","90","0","0","0","2.5","0.01","0.18","0","1","1","0","26.39","1444001"
"0","0","90","0","0","0","2.5","0.01","0.18","0","3","-1","-0.002","26.37","1444100"
"0","0","90","0","0","0","2.5","0.01","0.18","0","0","1","-0.001","26.38","1444200"
"0","0","90","0","0","0","2.5","0.01","0.18","0","-1","1","0.001","26.35","1444301"
"0","0","90","0","0","0","2.5","0.01","0.18","0","0","0","0.002","26.39","1444400"
"0.06","0","90","0","0","0","2.5","0.01","0.18","1","1","0","-0.002","26.38","1444501"
"0","0","90","0","0","0","2.5","0.01","0.18","0","2","-1","-0.003","26.39","1444600"
"0","0","90","0","0","0","2.5","0.01","0.18","0","2","-3","-0.004","26.41","1444700"
"0","0","90","0","0","0","2.5","0.01","0.18","0","0","0","-0.003","26.4","1444800"
"-0.06","0","90","0","0","0","2.5","0.01","0.18","-1","-2","0","-0.001","26.39","1444900"
"0","0","90","0","0","0","2.5","0.01","0.18","0","0","-1","-0.002","26.39","1445000"
"0","0","90","0","0","0","2.5","0.01","0.18","0","0","2","-0.003","26.39","1445100"
"0","0","90","0","0","0","2.5","0.01","0.18","0","0","0","0","26.41","1445200"
"-0.18","0","90","0","0","0","2.5","0.01","0.18","-3","0","2","-0.001","26.35","1445301"
"-0.06","0","90","0","0","0","2.5","0.01","0.18","-1","0","1","0.001","26.38","1445400"
"-0.06","0","90","0","0","0","2.5","0.01","0.18","-1","0","1","-0.001","26.4","1445500"
"0","0","90","0","0","0","2.5","0.01","0.18","0","-3","2","0.001","26.38","1445600"
"-0.06","0","90","0","0","0","2.5","0.01","0.18","-1","0","0","0","26.38","1445700"
"0","0","90","0","0","0","2.5","0.01","0.18","0","-1","2","0.002","26.42","1445800"
"0","0","90","0","0","0","2.5","0.01","0.18","0","-2","0","0.002","26.39","1445900"
"0","0","90","0","0","0","2.5","0.01","0.18","0","0","0","0","26.4","1446000"
"0","0","90","0","0","0","2.5","0.01","0.18","0","3","-1","0","26.4","1446101"
"-0.12","0","90","0","0","0","2.5","0.01","0.18","-2","0","3","0.002","26.4","1446200"
"0","0","90","0","0","0","2.5","0.01","0.18","0","0","0","0.002","26.4","1446300"
"-0.06","0","90","0","0","0","2.5","0.01","0.18","-1","-2","-1","0.001","26.4","1446400"
"-0.06","0","90","0","0","0","2.5","0.01","0.18","-1","0","0","-0.001","26.42","1446500"
"0","0","90","0","0","0","2.5","0.01","0.18","0","0","-1","0","26.41","1446600"
"-0.12","0","90","0","0","0","2.5","0.01","0.18","-2","1","0","0","26.38","1446700"
"0","0","90","0","0","0","2.5","0.01","0.18","0","0","-1","-0.001","26.41","1446800"
"0","0","90","0","0","0","2.5","0.01","0.18","0","-1","-2","-0.003","26.38","1446900"
"0.06","0","90","0","0","0","2.5","0.01","0.18","1","2","-1","-0.004","26.41","1447000"
"0","0","90","0","0","0","2.5","0.01","0.18","0","0","0","-0.002","26.35","1447101"
"-0.06","0","90","0","0","0","2.5","0.01","0.18","-1","-3","1","0","26.4","1447200"
"0","0","90","0","0","0","2.5","0.01","0.18","0","-3","0","0","26.42","1447300"
"0","0","90","0","0","0","2.5","0.01","0.18","0","2","0","0.001","26.4","1447400"
"0","0","90","0","0","0","2.5","0.01","0.18","0","0","1","0","26.41","1447500"
"0","0","90","0","0","0","2.5","0.01","0.18","0","0","0","0.002","26.36","1447600"
"0.06","0","90","0","0","0","2.5","0.01","0.18","1","1","0","0.001","26.44","1447700"
"-0.06","0","90","0","0","0","2.5","0.01","0.18","-1","0","0","0.001","26.42","1447800"
"0","0","90","0","0","0","2.5","0.01","0.18","0","0","0","0","26.42","1447900"
"0","0","90","0","0","0","2.5","0.01","0.18","0","0","-1","-0.001","26.38","1448000"
"0","0","90","0","0","0","2.5","0.01","0.18","0","2","-1","-0.002","26.35","1448100"
"0","0","90","0","0","0","2.5","0.01","0.18","0","2","-1","-0.002","26.43","1448200"
"0.06","0","90","0","0","0","2.5","0.01","0.18","1","0","-1","-0.003","26.39","1448300"
"-0.06","0","90","0","0","0","2.5","0.01","0.18","-1","0","-1","-0.003","26.39","1448400"
"0","0","90","0","0","0","2.5","0.01","0.18","0","0","0","-0.002","26.37","1448500"
"0","0","90","0","0","0","2.5","0.01","0.18","0","0","0","-0.002","26.42","1448601"
"0","0","90","0","0","0","2.5","0.01","0.18","0","1","-3","-0.001","26.44","1448700"
"-0.06","0","90","0","0","0","2.5","0.01","0.18","-1","0","1","-0.001","26.42","1448800"
"0","0","90","0","0","0","2.5","0.01","0.18","0","0","0","0","26.37","1448900"
"0","0","90","0","0","0","2.5","0.01","0.18","0","0","0","0.001","26.39","1449000"
"0","0","90","0","0","0","2.5","0.01","0.18","0","2","1","0.002","26.42","1449100"
"-0.06","0","90","0","0","0","2.5","0.01","0.18","-1","0","1","0.004","26.38","1449200"
"0","0","90","0","0","0","2.5","0.01","0.18","0","1","0","0.004","26.4","1449301"
"0","0","90","0","0","0","2.5","0.01","0.18","0","0","0","0.001","26.42","1449400"
"0.06","0","90","0","0","0","2.5","0.01","0.18","1","0","2","-0.002","26.41","1449500"
"0","0","90","0","0","0","2.5","0.01","0.18","0","-1","0","-0.001","26.42","1449600"
"0","0","90","0","0","0","2.5","0.01","0.18","0","-1","0","0.001","26.42","1449700"
"-0.06","0","90","0","0","0","2.5","0.01","0.18","-1","2","0","0.001","26.39","1449800"
"-0.06","0","90","0","0","0","2.5","0.01","0.18","-1","1","0","-0.002","26.42","1449900"
"-0.06","0","90","0","0","0","2.5","0.01","0.18","-1","0","0","-0.001","26.42","1450001"
"-0.06","0","90","0","0","0","2.5","0.01","0.18","-1","0","0","-0.002","26.41","1450101"
"-0.12","0","90","0","0","0","2.5","0.01","0.18","-2","0","0","0","26.42","1450200"
"0","0","90","0","0","0","2.5","0.01","0.18","0","-1","0","-0.001","26.43","1450301"
"0","0","90","0","0","0","2.5","0.01","0.18","0","1","0","-0.003","26.42","1450400"
"-0.06","0","90","0","0","0","2.5","0.01","0.18","-1","-1","0","-0.001","26.41","1450500"
"0","0","90","0","0","0","2.5","0.01","0.18","0","0","-2","-0.001","26.4","1450601"
"0","0","90","0","0","0","2.5","0.01","0.18","0","0","0","-0.004","26.4","1450700"
"0","0","90","0","0","0","2.5","0.01","0.18","0","0","-1","-0.003","26.44","1450800"
"0","0","90","0","0","0","2.5","0.01","0.18","0","-1","0","-0.002","26.43","1450901"
"-0.06","0","90","0","0","0","2.5","0.01","0.18","-1","1","-1","-0.002","26.42","1451000"
"-0.06","0","90","0","0","0","2.5","0.01","0.18","-1","0","1","-0.003","26.39","1451100"
"0","0","90","0","0","0","2.5","0.01","0.18","0","0","0","-0.002","26.41","1451201"
"0","0","90","0","0","0","2.5","0.01","0.18","0","0","0","-0.001","26.45","1451300"
"0","0","90","0","0","0","2.5","0.01","0.18","0","2","-1","0","26.41","1451400"
"0","0","90","0","0","0","2.5","0.01","0.18","0","0","0","-0.001","26.42","1451501"
"0","0","90","0","0","0","2.5","0.01","0.18","0","-1","0","0","26.42","1451601"
"-0.06","0","90","0","0","0","2.5","0.01","0.18","-1","0","0","-0.002","26.4","1451701"
"0","0","90","0","0","0","2.5","0.01","0.18","0","0","-2","-0.003","26.43","1451801"
"-0.06","0","90","0","0","0","2.5","0.01","0.18","-1","1","0","-0.002","26.42","1451901"
"0","0","90","0","0","0","2.5","0.01","0.18","0","0","1","0.001","26.42","1452000"
"0","0","90","0","0","0","2.5","0.01","0.18","0","-2","1","0.003","26.45","1452100"
"0","0","90","0","0","0","2.5","0.01","0.18","0","-1","0","0.002","26.4","1452201"
"0","0","90","0","0","0","2.5","0.01","0.18","0","0","0","0.001","26.4","1452300"
"0","0","90","0","0","0","2.5","0.01","0.18","0","0","-2","-0.001","26.42","1452400"
"0","0","90","0","0","0","2.5","0.01","0.18","0","1","0","-0.002","26.38","1452500"
"-0.06","0","90","0","0","0","2.5","0.01","0.18","-1","2","0","-0.002","26.41","1452600"
"0.12","0","90","0","0","0","2.5","0.01","0.18","2","-1","-1","-0.004","26.38","1452700"
"0","-0.01","90","0","0","0","2.5","0.01","0.18","0","2","0","-0.006","26.42","1452801"
"-0.06","-0.01","90","0","0","0","2.5","0.01","0.18","-1","0","0","-0.007","26.41","1452900"
"0","-0.01","90","0","0","0","2.5","0.01","0.18","0","0","1","-0.01","26.39","1453000"
"0","-0.01","90","0","0","0","2.5","0.01","0.18","0","0","1","-0.009","26.41","1453100"
"0.12","-0.01","90","0","0","0","2.5","0.01","0.18","2","4","-3","-0.009","26.41","1453201"
"-0.12","-0.01","90","0","0","0","2.5","0.01","0.18","-2","2","2","-0.013","26.38","1453300"
"0","-0.01","90","0","0","0","2.5","0.01","0.18","0","0","-2","-0.007","26.4","1453401"
"0","-0.01","90","0","0","0","2.5","0.01","0.18","0","2","-1","-0.01","26.41","1453501"
"0.12","-0.01","90","0","0","0","2.5","0.01","0.18","2","2","0","-0.011","26.42","1453601"
"0","-0.01","90","0","0","0","2.5","0.01","0.18","0","1","0","-0.011","26.39","1453700"
"0","-0.01","90","0","0","0","2.5","0.01","0.18","0","-1","0","-0.011","26.41","1453800"
"-0.06","-0.01","90","0","0","0","2.5","0.01","0.18","-1","0","1","-0.01","26.42","1453900"
"0","-0.01","90","0","0","0","2.5","0.01","0.18","0","2","0","-0.009","26.38","1454000"
"-0.18","-0.01","90","0","0","0","2.5","0.01","0.18","-3","-1","1","-0.008","26.39","1454100"
"0","-0.01","90","0","0","0","2.5","0.01","0.18","0","-2","0","-0.007","26.4","1454200"
"0","-0.01","90","0","0","0","2.5","0.01","0.18","0","1","0","-0.007","26.43","1454300"
"0","-0.01","90","0","0","0","2.5","0.01","0.18","0","1","0","-0.006","26.4","1454400"
"0","-0.01","90","0","0","0","2.5","0.01","0.18","0","0","-1","-0.008","26.41","1454500"
"0","-0.01","90","0","0","0","2.5","0.01","0.18","0","-2","0","-0.009","26.38","1454601"
"0","-0.01","90","0","0","0","2.5","0.01","0.18","0","-1","0","-0.011","26.42","1454701"
"0","-0.01","90","0","0","0","2.5","0.01","0.18","0","1","0","-0.013","26.41","1454800"
"0","-0.01","90","0","0","0","2.5","0.01","0.18","0","0","0","-0.015","26.4","1454900"
"-0.12","-0.02","90","0","0","0","2.5","0.01","0.18","-2","-1","0","-0.015","26.36","1455000"
"0","-0.02","90","0","0","0","2.5","0.01","0.18","0","0","1","-0.016","26.4","1455100"
"0","-0.02","90","0","0","0","2.5","0.01","0.18","0","1","0","-0.015","26.42","1455200"
"0","-0.02","90","0","0","0","2.5","0.01","0.18","0","0","0","-0.016","26.41","1455300"
"0","-0.01","90","0","0","0","2.5","0.01","0.18","0","0","0","-0.014","26.44","1455400"
"0","-0.01","90","0","0","0","2.5","0.01","0.18","0","-1","-1","-0.014","26.39","1455500"
"0","-0.01","90","0","0","0","2.5","0.01","0.18","0","1","1","-0.01","26.41","1455600"
"0","-0.01","90","0","0","0","2.5","0.01","0.18","0","-1","0","-0.01","26.42","1455700"
"-0.06","-0.01","90","0","0","0","2.5","0.01","0.18","-1","0","0","-0.011","26.43","1455801"
"-0.06","-0.01","90","0","0","0","2.5","0.01","0.18","-1","0","1","-0.01","26.4","1455900"
"-0.12","-0.01","90","0","0","0","2.5","0.01","0.18","-2","0","0","-0.009","26.43","1456000"
"-0.06","-0.01","90","0","0","0","2.5","0.01","0.18","-1","1","0","-0.01","26.39","1456101"
"0","-0.01","90","0","0","0","2.5","0.01","0.18","0","0","-1","-0.009","26.39","1456201"
"0","-0.01","90","0","0","0","2.5","0.01","0.18","0","0","0","-0.01","26.39","1456300"
"0","-0.01","90","0","0","0","2.5","0.01","0.18","0","0","0","-0.01","26.39","1456400"
"0","-0.01","90","0","0","0","2.5","0.01","0.18","0","0","0","-0.01","26.41","1456500"
"0","-0.01","90","0","0","0","2.5","0.01","0.18","0","1","0","-0.013","26.44","1456600"
"0","-0.01","90","0","0","0","2.5","0.01","0.18","0","0","-1","-0.013","26.39","1456701"
"0","-0.01","90","0","0","0","2.5","0.01","0.18","0","-2","2","-0.012","26.43","1456800"
"0","-0.01","90","0","0","0","2.5","0.01","0.18","0","0","1","-0.01","26.4","1456901"
"0","-0.01","90","0","0","0","2.5","0.01","0.18","0","0","-1","-0.014","26.4","1457000"
"-0.06","-0.02","90","0","0","0","2.5","0.01","0.18","-1","1","2","-0.017","26.45","1457100"
"-0.12","-0.02","90","0","0","0","2.5","0.01","0.18","-2","-3","1","-0.016","26.38","1457200"
"0","-0.02","90","0","0","0","2.5","0.01","0.18","0","-2","0","-0.016","26.42","1457300"
"-0.06","-0.01","90","0","0","0","2.5","0.01","0.18","-1","0","1","-0.013","26.41","1457400"
"0","-0.01","90","0","0","0","2.5","0.01","0.18","0","-1","1","-0.012","26.42","1457500"
"0","-0.01","90","0","0","0","2.5","0.01","0.18","0","-1","1","-0.011","26.43","1457600"
"0","-0.01","90","0","0","0","2.5","0.01","0.18","0","0","-1","-0.013","26.41","1457700"
"-0.06","-0.01","90","0","0","0","2.5","0.01","0.18","-1","0","1","-0.013","26.39","1457801"
"0.06","-0.01","90","0","0","0","2.5","0.01","0.18","1","-3","2","-0.012","26.4","1457901"
"-0.06","-0.01","90","0","0","0","2.5","0.01","0.18","-1","-1","0","-0.01","26.39","1458000"
"0","-0.01","90","0","0","0","2.5","0.01","0.18","0","0","0","-0.011","26.41","1458101"
"0","-0.01","90","0","0","0","2.5","0.01","0.18","0","0","0","-0.013","26.41","1458200"
"0","-0.01","90","0","0","0","2.5","0.01","0.18","0","-1","-1","-0.013","26.44","1458300"
"0","-0.01","90","0","0","0","2.5","0.01","0.18","0","0","0","-0.012","26.38","1458400"
"0.06","-0.01","90","0","0","0","2.5","0.01","0.18","1","0","0","-0.011","26.39","1458500"
"0","-0.01","90","0","0","0","2.5","0.01","0.18","0","2","0","-0.011","26.44","1458600"
"-0.06","-0.01","90","0","0","0","2.5","0.01","0.18","-1","0","0","-0.011","26.41","1458701"
"0","-0.01","90","0","0","0","2.5","0.01","0.18","0","0","0","-0.01","26.41","1458801"
"-0.06","-0.01","90","0","0","0","2.5","0.01","0.18","-1","2","1","-0.008","26.43","1458900"
"-0.06","-0.01","90","0","0","0","2.5","0.01","0.18","-1","0","1","-0.01","26.42","1459001"
"0","-0.01","90","0","0","0","2.5","0.01","0.18","0","-1","0","-0.009","26.4","1459101"
"0","-0.01","90","0","0","0","2.5","0.01","0.18","0","0","0","-0.008","26.43","1459200"
"0","-0.01","90","0","0","0","2.5","0.01","0.18","0","0","-3","-0.009","26.45","1459300"
"-0.06","-0.01","90","0","0","0","2.5","0.01","0.18","-1","-1","-1","-0.009","26.41","1459400"
"0.06","-0.01","90","0","0","0","2.5","0.01","0.18","1","-2","0","-0.009","26.38","1459500"
"-0.06","-0.01","90","0","0","0","2.5","0.01","0.18","-1","0","1","-0.008","26.42","1459600"
"-0.12","-0.01","90","0","0","0","2.5","0.01","0.18","-2","0","0","-0.007","26.39","1459700"
"-0.06","-0.01","90","0","0","0","2.5","0.01","0.18","-1","1","0","-0.007","26.44","1459800"
"0","-0.01","90","0","0","0","2.5","0.01","0.18","0","1","0","-0.007","26.4","1459900"
"0","0","90","0","0","0","2.5","0.01","0.18","0","0","0","-0.004","26.4","1460000"
"-0.06","0","90","0","0","0","2.5","0.01","0.18","-1","-1","0","-0.004","26.42","1460101"
"0","0","90","0","0","0","2.5","0.01","0.18","0","2","0","-0.004","26.4","1460200"
"-0.06","-0.01","90","0","0","0","2.5","0.01","0.18","-1","0","0","-0.005","26.4","1460300"
"-0.12","0","90","0","0","0","2.5","0.01","0.18","-2","0","0","-0.004","26.42","1460400"
"0","0","90","0","0","0","2.5","0.01","0.18","0","0","0","-0.003","26.41","1460500"
"0","0","90","0","0","0","2.5","0.01","0.18","0","0","1","-0.003","26.42","1460601"
"0","0","90","0","0","0","2.5","0.01","0.18","0","0","-1","-0.003","26.41","1460700"
"0.06","0","90","0","0","0","2.5","0.01","0.18","1","0","0","-0.001","26.41","1460801"
"0","0","90","0","0","0","2.5","0.01","0.18","0","-1","0","-0.002","26.43","1460900"
"0","0","90","0","0","0","2.5","0.01","0.18","0","0","1","0.001","26.42","1461000"
"0","0","90","0","0","0","2.5","0.01","0.18","0","1","-1","0","26.42","1461100"
"0.12","0","90","0","0","0","2.5","0.01","0.18","2","1","-1","-0.001","26.42","1461201"
"0","0","90","0","0","0","2.5","0.01","0.18","0","-1","0","-0.002","26.41","1461300"
"0","0","90","0","0","0","2.5","0.01","0.18","0","0","0","-0.001","26.43","1461400"
"-0.06","0","90","0","0","0","2.5","0.01","0.18","-1","0","0","0","26.44","1461500"
"0","0","90","0","0","0","2.5","0.01","0.18","0","0","0","-0.001","26.41","1461600"
"0.06","0","90","0","0","0","2.5","0.01","0.18","1","0","0","-0.002","26.41","1461701"
"0","0","90","0","0","0","2.5","0.01","0.18","0","0","0","-0.003","26.39","1461801"
"0","0","90","0","0","0","2.5","0.01","0.18","0","0","0","-0.004","26.38","1461900"
"0","0","90","0","0","0","2.5","0.01","0.18","0","1","0","-0.004","26.42","1462001"
"0","0","90","0","0","0","2.5","0.01","0.18","0","0","2","-0.004","26.42","1462100"
"0","0","90","0","0","0","2.5","0.01","0.18","0","-1","1","-0.004","26.44","1462200"
"0","0","90","0","0","0","2.5","0.01","0.18","0","0","0","-0.003","26.44","1462300"
"0","-0.01","90","0","0","0","2.5","0.01","0.18","0","0","-1","-0.006","26.44","1462400"
"0.06","-0.01","90","0","0","0","2.5","0.01","0.18","1","0","0","-0.008","26.4","1462500"
"0","-0.01","90","0","0","0","2.5","0.01","0.18","0","-1","0","-0.006","26.44","1462600"
"-0.12","0","90","0","0","0","2.5","0.01","0.18","-2","0","0","-0.005","26.42","1462701"
"0","-0.01","90","0","0","0","2.5","0.01","0.18","0","1","1","-0.006","26.41","1462800"
"0","-0.01","90","0","0","0","2.5","0.01","0.18","0","0","1","-0.006","26.43","1462900"
"0.06","-0.01","90","0","0","0","2.5","0.01","0.18","1","0","-1","-0.007","26.42","1463000"
"0.06","-0.01","90","0","0","0","2.5","0.01","0.18","1","0","0","-0.01","26.4","1463101"
"0","-0.01","90","0","0","0","2.5","0.01","0.18","0","3","0","-0.009","26.39","1463200"
"0","-0.01","90","0","0","0","2.5","0.01","0.18","0","0","0","-0.009","26.41","1463300"
"-0.06","-0.01","90","0","0","0","2.5","0.01","0.18","-1","-1","1","-0.01","26.42","1463401"
"-0.12","-0.01","90","0","0","0","2.5","0.01","0.18","-2","0","0","-0.01","26.41","1463500"
"-0.06","-0.01","90","0","0","0","2.5","0.01","0.18","-1","0","0","-0.008","26.41","1463600"
"0","-0.01","90","0","0","0","2.5","0.01","0.18","0","0","0","-0.008","26.43","1463700"
"0","-0.01","90","0","0","0","2.5","0.01","0.18","0","-1","0","-0.008","26.44","1463800"
"0","-0.01","90","0","0","0","2.5","0.01","0.18","0","-1","0","-0.01","26.47","1463901"
"0","-0.01","90","0","0","0","2.5","0.01","0.18","0","1","-1","-0.009","26.38","1464000"
"-0.06","-0.01","90","0","0","0","2.5","0.01","0.18","-1","2","-1","-0.01","26.43","1464100"
"-0.06","-0.01","90","0","0","0","2.5","0.01","0.18","-1","0","0","-0.009","26.43","1464200"
"0","-0.01","90","0","0","0","2.5","0.01","0.18","0","-1","1","-0.007","26.41","1464301"
"0","-0.01","90","0","0","0","2.5","0.01","0.18","0","0","0","-0.006","26.37","1464401"
"-0.12","-0.01","90","0","0","0","2.5","0.01","0.18","-2","0","0","-0.006","26.41","1464501"
"-0.06","-0.01","90","0","0","0","2.5","0.01","0.18","-1","-2","-1","-0.007","26.39","1464601"
"0","-0.01","90","0","0","0","2.5","0.01","0.18","0","0","0","-0.007","26.44","1464700"
"0","-0.01","90","0","0","0","2.5","0.01","0.18","0","-1","0","-0.006","26.39","1464800"
"0","-0.01","90","0","0","0","2.5","0.01","0.18","0","0","-1","-0.01","26.44","1464901"
"0","-0.01","90","0","0","0","2.5","0.01","0.18","0","0","0","-0.01","26.4","1465000"
"0","-0.01","90","0","0","0","2.5","0.01","0.18","0","1","0","-0.01","26.44","1465100"
"0","-0.01","90","0","0","0","2.5","0.01","0.18","0","0","-1","-0.011","26.41","1465201"
"0","-0.01","90","0","0","0","2.5","0.01","0.18","0","2","1","-0.01","26.44","1465300"
"-0.06","-0.01","90","0","0","0","2.5","0.01","0.18","-1","0","0","-0.01","26.38","1465400"
"0","-0.01","90","0","0","0","2.5","0.01","0.18","0","1","0","-0.009","26.44","1465500"
"0","-0.01","90","0","0","0","2.5","0.01","0.18","0","1","0","-0.009","26.42","1465600"
"0","-0.01","90","0","0","0","2.5","0.01","0.18","0","0","-1","-0.008","26.44","1465700"
"0","-0.01","90","0","0","0","2.5","0.01","0.18","0","0","1","-0.008","26.4","1465800"
"-0.06","-0.01","90","0","0","0","2.5","0.01","0.18","-1","0","-1","-0.006","26.41","1465900"
"0.06","-0.01","90","0","0","0","2.5","0.01","0.18","1","0","0","-0.006","26.42","1466000"
"0","-0.01","90","0","0","0","2.5","0.01","0.18","0","0","0","-0.006","26.43","1466100"
"0.06","0","90","0","0","0","2.5","0.01","0.18","1","-1","1","-0.004","26.41","1466201"
"0","-0.01","90","0","0","0","2.5","0.01","0.18","0","-2","0","-0.005","26.43","1466301"
"0","0","90","0","0","0","2.5","0.01","0.18","0","0","0","-0.004","26.44","1466400"
"-0.06","-0.01","90","0","0","0","2.5","0.01","0.18","-1","-2","0","-0.006","26.38","1466501"
"0","-0.01","90","0","0","0","2.5","0.01","0.18","0","-1","-1","-0.008","26.42","1466601"
"0","-0.01","90","0","0","0","2.5","0.01","0.18","0","0","1","-0.008","26.41","1466700"
"-0.06","-0.01","90","0","0","0","2.5","0.01","0.18","-1","0","0","-0.008","26.36","1466801"
"-0.12","-0.01","90","0","0","0","2.5","0.01","0.18","-2","-1","0","-0.008","26.42","1466900"
"0","-0.01","90","0","0","0","2.5","0.01","0.18","0","0","-1","-0.009","26.43","1467001"
"0","-0.01","90","0","0","0","2.5","0.01","0.18","0","0","-1","-0.01","26.38","1467100"
"0","-0.01","90","0","0","0","2.5","0.01","0.18","0","0","-1","-0.01","26.44","1467201"
"0","-0.01","90","0","0","0","2.5","0.01","0.18","0","0","0","-0.012","26.45","1467300"
"0","-0.01","90","0","0","0","2.5","0.01","0.18","0","-2","0","-0.013","26.4","1467400"
"0.06","-0.01","90","0","0","0","2.5","0.01","0.18","1","1","0","-0.012","26.42","1467501"
"0","-0.01","90","0","0","0","2.5","0.01","0.18","0","2","-1","-0.013","26.38","1467601"
"0","-0.01","90","0","0","0","2.5","0.01","0.18","0","-1","0","-0.012","26.39","1467700"
"-0.06","-0.01","90","0","0","0","2.5","0.01","0.18","-1","0","-1","-0.008","26.4","1467801"
"-0.06","-0.01","90","0","0","0","2.5","0.01","0.18","-1","-1","0","-0.01","26.41","1467901"
"-0.12","-0.01","90","0","0","0","2.5","0.01","0.18","-2","0","-1","-0.011","26.41","1468000"
"0","-0.01","90","0","0","0","2.5","0.01","0.18","0","1","1","-0.01","26.4","1468100"
"-0.06","-0.01","90","0","0","0","2.5","0.01","0.18","-1","2","0","-0.007","26.42","1468200"
"-0.06","-0.01","90","0","0","0","2.5","0.01","0.18","-1","0","0","-0.008","26.39","1468300"
"-0.18","-0.01","90","0","0","0","2.5","0.01","0.18","-3","0","-2","-0.008","26.42","1468401"
"0","-0.01","90","0","0","0","2.5","0.01","0.18","0","0","0","-0.008","26.4","1468501"
"0","-0.01","90","0","0","0","2.5","0.01","0.18","0","-1","1","-0.01","26.39","1468600"
"0","-0.01","90","0","0","0","2.5","0.01","0.18","0","-1","-1","-0.009","26.43","1468700"
"0","-0.01","90","0","0","0","2.5","0.01","0.18","0","-2","1","-0.008","26.41","1468801"
"-0.12","-0.01","90","0","0","0","2.5","0.01","0.18","-2","-1","-1","-0.009","26.42","1468900"
"-0.06","-0.01","90","0","0","0","2.5","0.01","0.18","-1","-4","0","-0.009","26.42","1469000"
"0","-0.01","90","0","0","0","2.5","0.01","0.18","0","0","0","-0.01","26.37","1469101"
"-0.06","-0.01","90","0","0","0","2.5","0.01","0.18","-1","0","0","-0.007","26.42","1469200"
"0","-0.01","90","0","0","0","2.5","0.01","0.18","0","0","1","-0.006","26.42","1469300"
"0","-0.01","90","0","0","0","2.5","0.01","0.18","0","-1","0","-0.006","26.41","1469401"
"0","-0.01","90","0","0","0","2.5","0.01","0.18","0","0","0","-0.008","26.39","1469501"
"0","0","90","0","0","0","2.5","0.01","0.18","0","0","1","-0.004","26.42","1469601"
"-0.06","0","90","0","0","0","2.5","0.01","0.18","-1","0","0","-0.001","26.4","1469701"
"0","0","90","0","0","0","2.5","0.01","0.18","0","-1","0","0.001","26.38","1469800"
"-0.06","0","90","0","0","0","2.5","0.01","0.18","-1","-1","-1","0.002","26.41","1469900"
"0","0","90","0","0","0","2.5","0.01","0.18","0","0","0","0.001","26.4","1470000"
"0","0","90","0","0","0","2.5","0.01","0.18","0","0","0","0.002","26.38","1470100"
"0","0","90","0","0","0","2.5","0.01","0.18","0","2","0","0.001","26.39","1470200"
"0","0","90","0","0","0","2.5","0.01","0.18","0","1","0","0.002","26.39","1470301"
"0","0","90","0","0","0","2.5","0.01","0.18","0","-2","0","-0.002","26.41","1470401"
"0","0","90","0","0","0","2.5","0.01","0.18","0","-1","1","-0.001","26.42","1470500"
"0","0","90","0","0","0","2.5","0.01","0.18","0","0","0","0.001","26.42","1470600"
"0","0","90","0","0","0","2.5","0.01","0.18","0","2","-2","-0.002","26.4","1470700"
"0.06","0","90","0","0","0","2.5","0.01","0.18","1","1","0","-0.003","26.42","1470800"
"-0.06","-0.01","90","0","0","0","2.5","0.01","0.18","-1","-1","-1","-0.005","26.41","1470900"
"0","-0.01","90","0","0","0","2.5","0.01","0.18","0","0","0","-0.007","26.44","1471001"
"0","-0.01","90","0","0","0","2.5","0.01","0.18","0","0","0","-0.008","26.41","1471100"
"-0.06","-0.01","90","0","0","0","2.5","0.01","0.18","-1","1","-2","-0.008","26.43","1471200"
"0","-0.01","90","0","0","0","2.5","0.01","0.18","0","0","0","-0.007","26.42","1471301"
"0","-0.01","90","0","0","0","2.5","0.01","0.18","0","-2","0","-0.008","26.4","1471400"
"0","-0.01","90","0","0","0","2.5","0.01","0.18","0","1","0","-0.008","26.44","1471500"
"-0.06","-0.01","90","0","0","0","2.5","0.01","0.18","-1","0","0","-0.01","26.39","1471600"
"0","-0.01","90","0","0","0","2.5","0.01","0.18","0","-1","0","-0.01","26.41","1471701"
"0","-0.01","90","0","0","0","2.5","0.01","0.18","0","-2","1","-0.01","26.46","1471800"
"0","-0.01","90","0","0","0","2.5","0.01","0.18","0","0","0","-0.01","26.38","1471901"
"0","-0.01","90","0","0","0","2.5","0.01","0.18","0","0","0","-0.008","26.39","1472000"
"-0.06","-0.01","90","0","0","0","2.5","0.01","0.18","-1","0","-1","-0.009","26.39","1472100"
"0","-0.01","90","0","0","0","2.5","0.01","0.18","0","0","1","-0.011","26.39","1472200"
"0","-0.01","90","0","0","0","2.5","0.01","0.18","0","-1","1","-0.009","26.4","1472300"
"-0.06","-0.01","90","0","0","0","2.5","0.01","0.18","-1","-1","0","-0.01","26.42","1472401"
"0","-0.01","90","0","0","0","2.5","0.01","0.18","0","2","-1","-0.009","26.38","1472501"
"0","-0.01","90","0","0","0","2.5","0.01","0.18","0","0","-1","-0.012","26.41","1472601"
"-0.06","-0.01","90","0","0","0","2.5","0.01","0.18","-1","0","0","-0.011","26.4","1472700"
"0.06","-0.01","90","0","0","0","2.5","0.01","0.18","1","3","0","-0.01","26.38","1472800"
"0","-0.01","90","0","0","0","2.5","0.01","0.18","0","0","1","-0.012","26.39","1472901"
"-0.12","-0.01","90","0","0","0","2.5","0.01","0.18","-2","-1","0","-0.01","26.37","1473001"
"-0.06","-0.01","90","0","0","0","2.5","0.01","0.18","-1","-3","0","-0.011","26.43","1473100"
"-0.12","-0.01","90","0","0","0","2.5","0.01","0.18","-2","-1","1","-0.01","26.4","1473201"
"0","-0.01","90","0","0","0","2.5","0.01","0.18","0","1","0","-0.011","26.38","1473301"
"0","-0.01","90","0","0","0","2.5","0.01","0.18","0","0","0","-0.008","26.42","1473400"
"0","-0.01","90","0","0","0","2.5","0.01","0.18","0","0","-2","-0.006","26.43","1473501"
"-0.06","-0.01","90","0","0","0","2.5","0.01","0.18","-1","0","-1","-0.006","26.39","1473600"
"0","0","90","0","0","0","2.5","0.01","0.18","0","-1","0","-0.004","26.37","1473701"
"0","0","90","0","0","0","2.5","0.01","0.18","0","1","0","-0.003","26.42","1473801"
"0","0","90","0","0","0","2.5","0.01","0.18","0","0","-2","-0.003","26.39","1473900"
"0","0","90","0","0","0","2.5","0.01","0.18","0","0","0","-0.002","26.39","1474001"
"0","0","90","0","0","0","2.5","0.01","0.18","0","5","-1","-0.003","26.4","1474101"
"0","0","90","0","0","0","2.5","0.01","0.18","0","1","0","-0.002","26.41","1474201"
"0","0","90","0","0","0","2.5","0.01","0.18","0","0","0","-0.003","26.42","1474300"
"0","0","90","0","0","0","2.5","0.01","0.18","0","-1","0","-0.004","26.44","1474400"
"-0.06","-0.01","90","0","0","0","2.5","0.01","0.18","-1","0","0","-0.005","26.41","1474500"
"-0.18","-0.01","90","0","0","0","2.5","0.01","0.18","-3","1","-2","-0.007","26.41","1474600"
"0","-0.01","90","0","0","0","2.5","0.01","0.18","0","2","-2","-0.007","26.4","1474700"
"0.12","-0.01","90","0","0","0","2.5","0.01","0.18","2","0","2","-0.006","26.37","1474801"
"-0.06","0","90","0","0","0","2.5","0.01","0.18","-1","1","1","-0.002","26.44","1474900"
"0","0","90","0","0","0","2.5","0.01","0.18","0","0","-2","-0.002","26.42","1475000"
"-0.06","0","90","0","0","0","2.5","0.01","0.18","-1","1","0","-0.001","26.41","1475100"
"0","0","90","0","0","0","2.5","0.01","0.18","0","1","-4","-0.002","26.41","1475201"
"0.18","0","90","0","0","0","2.5","0.01","0.18","3","-25","0","-0.002","26.4","1475301"
"0","0","90","0","0","0","2.5","0.01","0.18","0","-2","0","-0.002","26.36","1475400"
"0","0","90","0","0","0","2.5","0.01","0.18","0","-2","0","-0.004","26.4","1475500"
"-0.06","-0.01","90","0","0","0","2.5","0.01","0.18","-1","1","-3","-0.005","26.36","1475600"
"-0.06","-0.01","90","0","0","0","2.5","0.01","0.18","-1","2","1","-0.007","26.37","1475700"
"0","-0.01","90","0","0","0","2.5","0.01","0.18","0","1","-2","-0.007","26.42","1475800"
"0","-0.01","90","0","0","0","2.5","0.01","0.18","0","-1","1","-0.007","26.44","1475901"
"-0.06","-0.01","90","0","0","0","2.5","0.01","0.18","-1","-1","0","-0.009","26.42","1476001"
"-0.12","-0.01","90","0","0","0","2.5","0.01","0.18","-2","0","-1","-0.008","26.38","1476100"
"0","-0.01","90","0","0","0","2.5","0.01","0.18","0","0","0","-0.011","26.35","1476201"
"-0.06","-0.01","90","0","0","0","2.5","0.01","0.18","-1","-2","0","-0.011","26.38","1476301"
"-0.06","-0.01","90","0","0","0","2.5","0.01","0.18","-1","4","0","-0.012","26.41","1476400"
"-0.06","-0.01","90","0","0","0","2.5","0.01","0.18","-1","0","-1","-0.011","26.38","1476500"
"0","-0.01","90","0","0","0","2.5","0.01","0.18","0","-1","2","-0.011","26.4","1476600"
"0","-0.01","90","0","0","0","2.5","0.01","0.18","0","0","0","-0.01","26.39","1476701"
"0","-0.01","90","0","0","0","2.5","0.01","0.18","0","0","0","-0.012","26.39","1476801"
"0.12","-0.01","90","0","0","0","2.5","0.01","0.18","2","-1","-2","-0.012","26.4","1476900"
"0","-0.01","90","0","0","0","2.5","0.01","0.18","0","2","0","-0.009","26.39","1477000"
"0","-0.01","90","0","0","0","2.5","0.01","0.18","0","4","0","-0.007","26.39","1477100"
"0","-0.01","90","0","0","0","2.5","0.01","0.18","0","0","-1","-0.007","26.42","1477201"
"0","-0.01","90","0","0","0","2.5","0.01","0.18","0","-3","0","-0.009","26.4","1477300"
"0","-0.01","90","0","0","0","2.5","0.01","0.18","0","-3","2","-0.005","26.42","1477401"
"0","-0.01","90","0","0","0","2.5","0.01","0.18","0","-2","0","-0.005","26.43","1477500"
"0","-0.01","90","0","0","0","2.5","0.01","0.18","0","-1","0","-0.005","26.41","1477600"
"-0.06","0","90","0","0","0","2.5","0.01","0.18","-1","0","-2","-0.005","26.4","1477700"
"0","0","90","0","0","0","2.5","0.01","0.18","0","1","0","-0.004","26.41","1477801"
"0","-0.01","90","0","0","0","2.5","0.01","0.18","0","0","-1","-0.008","26.38","1477900"
"0","0","90","0","0","0","2.5","0.01","0.18","0","0","0","-0.005","26.37","1478000"
"0","0","90","0","0","0","2.5","0.01","0.18","0","0","0","-0.001","26.4","1478100"
"-0.06","0","90","0","0","0","2.5","0.01","0.18","-1","0","-1","-0.003","26.38","1478201"
"0","0","90","0","0","0","2.5","0.01","0.18","0","1","0","-0.003","26.39","1478300"
"-0.06","0","90","0","0","0","2.5","0.01","0.18","-1","0","0","-0.003","26.43","1478400"
"0","0","90","0","0","0","2.5","0.01","0.18","0","-1","1","-0.002","26.38","1478500"
"0","0","90","0","0","0","2.5","0.01","0.18","0","-1","0","-0.003","26.39","1478600"
"0","0","90","0","0","0","2.5","0.01","0.18","0","1","0","-0.004","26.37","1478700"
"0","0","90","0","0","0","2.5","0.01","0.18","0","1","0","-0.004","26.42","1478801"
"0","0","90","0","0","0","2.5","0.01","0.18","0","-2","1","-0.004","26.41","1478900"
"0","0","90","0","0","0","2.5","0.01","0.18","0","0","1","-0.002","26.41","1479000"
"0","0","90","0","0","0","2.5","0.01","0.18","0","0","0","-0.004","26.37","1479101"
"0","0","90","0","0","0","2.5","0.01","0.18","0","-1","0","-0.005","26.38","1479201"
"-0.06","-0.01","90","0","0","0","2.5","0.01","0.18","-1","0","-2","-0.007","26.39","1479300"
"0","-0.01","90","0","0","0","2.5","0.01","0.18","0","-1","0","-0.008","26.4","1479400"
"0","-0.01","90","0","0","0","2.5","0.01","0.18","0","0","0","-0.01","26.37","1479500"
"-0.06","-0.01","90","0","0","0","2.5","0.01","0.18","-1","2","0","-0.008","26.42","1479600"
"-0.06","-0.01","90","0","0","0","2.5","0.01","0.18","-1","1","0","-0.007","26.38","1479700"
"0","-0.01","90","0","0","0","2.5","0.01","0.18","0","-1","-1","-0.009","26.42","1479800"
"0.06","-0.01","90","0","0","0","2.5","0.01","0.18","1","0","-2","-0.01","26.35","1479901"
"0","-0.01","90","0","0","0","2.5","0.01","0.18","0","0","1","-0.009","26.35","1480000"
"0.12","-0.01","90","0","0","0","2.5","0.01","0.18","2","-1","0","-0.006","26.37","1480100"
"-0.12","0","90","0","0","0","2.5","0.01","0.18","-2","1","1","-0.004","26.38","1480201"
"0","0","90","0","0","0","2.5","0.01","0.18","0","0","0","-0.004","26.42","1480300"
"0","0","90","0","0","0","2.5","0.01","0.18","0","0","0","-0.004","26.41","1480401"
"0","0","90","0","0","0","2.5","0.01","0.18","0","0","0","-0.004","26.42","1480500"
"0","0","90","0","0","0","2.5","0.01","0.18","0","0","2","-0.004","26.39","1480600"
"-0.12","0","90","0","0","0","2.5","0.01","0.18","-2","0","0","-0.002","26.36","1480701"
"-0.06","0","90","0","0","0","2.5","0.01","0.18","-1","1","1","-0.001","26.36","1480800"
"-0.06","0","90","0","0","0","2.5","0.01","0.18","-1","0","0","0","26.38","1480901"
"0","0","90","0","0","0","2.5","0.01","0.18","0","-1","1","0","26.38","1481001"
"0","0","90","0","0","0","2.5","0.01","0.18","0","0","0","0.002","26.4","1481100"
"0","0","90","0","0","0","2.5","0.01","0.18","0","-2","1","0.001","26.38","1481200"
"0","0","90","0","0","0","2.5","0.01","0.18","0","0","0","0.001","26.36","1481300"
"0","0","90","0","0","0","2.5","0.01","0.18","0","0","0","0.003","26.38","1481400"
"0","0","90","0","0","0","2.5","0.01","0.18","0","0","-1","0.004","26.36","1481500"
"0","0","90","0","0","0","2.5","0.01","0.18","0","-1","2","0.005","26.4","1481600"
"0","0.01","90","0","0","0","2.5","0.01","0.18","0","-1","0","0.005","26.39","1481700"
"0.06","0","90","0","0","0","2.5","0.01","0.18","1","0","0","0.005","26.38","1481800"
"0","0.01","90","0","0","0","2.5","0.01","0.18","0","1","1","0.006","26.4","1481900"
"0","0","90","0","0","0","2.5","0.01","0.18","0","0","0","0.003","26.41","1482001"
"-0.06","0","90","0","0","0","2.5","0.01","0.18","-1","1","1","0.003","26.41","1482101"
"0","0","90","0","0","0","2.5","0.01","0.18","0","0","-1","0.002","26.39","1482200"
"0","0","90","0","0","0","2.5","0.01","0.18","0","-1","0","0.001","26.38","1482300"
"0","0","90","0","0","0","2.5","0.01","0.18","0","-1","-1","-0.001","26.39","1482401"
"-0.06","0","90","0","0","0","2.5","0.01","0.18","-1","0","0","-0.001","26.39","1482501"
"0","0","90","0","0","0","2.5","0.01","0.18","0","0","0","-0.001","26.4","1482600"
"0","0","90","0","0","0","2.5","0.01","0.18","0","0","-2","0","26.38","1482700"
"0","0","90","0","0","0","2.5","0.01","0.18","0","0","-1","-0.002","26.38","1482800"
"0","0","90","0","0","0","2.5","0.01","0.18","0","0","0","-0.001","26.38","1482901"
"0","0","90","0","0","0","2.5","0.01","0.18","0","1","0","-0.001","26.37","1483000"
"-0.06","0","90","0","0","0","2.5","0.01","0.18","-1","-1","1","-0.002","26.4","1483100"
"-0.12","0","90","0","0","0","2.5","0.01","0.18","-2","0","0","-0.002","26.37","1483201"
"-0.06","0","90","0","0","0","2.5","0.01","0.18","-1","-1","0","-0.002","26.38","1483300"
"-0.06","0","90","0","0","0","2.5","0.01","0.18","-1","-1","0","-0.001","26.37","1483400"
"-0.06","0","90","0","0","0","2.5","0.01","0.18","-1","-1","0","-0.002","26.39","1483500"
"0","0","90","0","0","0","2.5","0.01","0.18","0","0","1","-0.002","26.4","1483600"
"-0.06","0","90","0","0","0","2.5","0.01","0.18","-1","0","-2","-0.002","26.4","1483701"
"0","0","90","0","0","0","2.5","0.01","0.18","0","1","0","-0.003","26.38","1483800"
"0","0","90","0","0","0","2.5","0.01","0.18","0","0","0","-0.004","26.4","1483901"
"0","0","90","0","0","0","2.5","0.01","0.18","0","0","0","-0.004","26.36","1484000"
"-0.06","0","90","0","0","0","2.5","0.01","0.18","-1","-1","0","0","26.34","1484100"
"-0.06","0","90","0","0","0","2.5","0.01","0.18","-1","0","0","-0.003","26.36","1484201"
"0","0","90","0","0","0","2.5","0.01","0.18","0","0","0","-0.002","26.38","1484300"
"0","0","90","0","0","0","2.5","0.01","0.18","0","1","0","-0.002","26.37","1484400"
"-0.06","0","90","0","0","0","2.5","0.01","0.18","-1","0","1","-0.003","26.39","1484501"
"0","0","90","0","0","0","2.5","0.01","0.18","0","-1","0","0","26.39","1484601"
"0","0","90","0","0","0","2.5","0.01","0.18","0","0","0","0.001","26.35","1484700"
"-0.12","0","90","0","0","0","2.5","0.01","0.18","-2","1","0","0.003","26.36","1484801"
"-0.06","0","90","0","0","0","2.5","0.01","0.18","-1","-3","0","0.004","26.36","1484901"
"0","0","90","0","0","0","2.5","0.01","0.18","0","0","1","0.004","26.37","1485000"
"0","0","90","0","0","0","2.5","0.01","0.18","0","-2","0","0.004","26.39","1485100"
"0","0","90","0","0","0","2.5","0.01","0.18","0","0","0","0.003","26.38","1485200"
"0.06","0","90","0","0","0","2.5","0.01","0.18","1","0","0","0.002","26.38","1485300"
"0","0","90","0","0","0","2.5","0.01","0.18","0","-1","0","0.002","26.39","1485400"
"-0.12","0","90","0","0","0","2.5","0.01","0.18","-2","1","0","0.002","26.38","1485501"
"-0.12","0","90","0","0","0","2.5","0.01","0.18","-2","-1","0","-0.001","26.36","1485601"
"0","0","90","0","0","0","2.5","0.01","0.18","0","-1","0","-0.001","26.38","1485700"
"-0.12","0","90","0","0","0","2.5","0.01","0.18","-2","-1","0","-0.001","26.34","1485800"
"0","0","90","0","0","0","2.5","0.01","0.18","0","1","-1","-0.002","26.39","1485900"
"0","0","90","0","0","0","2.5","0.01","0.18","0","2","0","-0.001","26.4","1486000"
"0","0","90","0","0","0","2.5","0.01","0.18","0","1","-1","-0.001","26.38","1486100"
"0","0","90","0","0","0","2.5","0.01","0.18","0","-1","0","0","26.37","1486200"
"0.06","0","90","0","0","0","2.5","0.01","0.18","1","0","0","0.001","26.41","1486301"
"0","0","90","0","0","0","2.5","0.01","0.18","0","1","0","0.001","26.35","1486401"
"-0.12","0","90","0","0","0","2.5","0.01","0.18","-2","2","-1","-0.001","26.36","1486501"
"-0.06","0","90","0","0","0","2.5","0.01","0.18","-1","1","2","0","26.38","1486600"
"0","0","90","0","0","0","2.5","0.01","0.18","0","0","0","-0.004","26.38","1486700"
"0","0","90","0","0","0","2.5","0.01","0.18","0","-1","0","-0.004","26.38","1486801"
"0","-0.01","90","0","0","0","2.5","0.01","0.18","0","0","0","-0.006","26.37","1486900"
"0.06","-0.01","90","0","0","0","2.5","0.01","0.18","1","0","0","-0.006","26.37","1487000"
"0","-0.01","90","0","0","0","2.5","0.01","0.18","0","-2","0","-0.007","26.37","1487100"
"0","-0.01","90","0","0","0","2.5","0.01","0.18","0","-2","1","-0.007","26.37","1487200"
"0","-0.01","90","0","0","0","2.5","0.01","0.18","0","0","0","-0.006","26.37","1487300"
"-0.06","-0.01","90","0","0","0","2.5","0.01","0.18","-1","0","0","-0.006","26.38","1487400"
"0","-0.01","90","0","0","0","2.5","0.01","0.18","0","0","0","-0.006","26.37","1487501"
"0","-0.01","90","0","0","0","2.5","0.01","0.18","0","0","0","-0.007","26.37","1487600"
"0","-0.01","90","0","0","0","2.5","0.01","0.18","0","0","0","-0.008","26.34","1487700"
"-0.06","-0.01","90","0","0","0","2.5","0.01","0.18","-1","-1","0","-0.006","26.32","1487800"
"0","-0.01","90","0","0","0","2.5","0.01","0.18","0","1","0","-0.008","26.38","1487900"
"0","-0.01","90","0","0","0","2.5","0.01","0.18","0","0","0","-0.008","26.42","1488000"
"-0.06","-0.01","90","0","0","0","2.5","0.01","0.18","-1","-1","0","-0.006","26.39","1488100"
"0.06","-0.01","90","0","0","0","2.5","0.01","0.18","1","-3","1","-0.007","26.4","1488201"
"-0.06","-0.01","90","0","0","0","2.5","0.01","0.18","-1","1","0","-0.007","26.36","1488301"
"0","-0.01","90","0","0","0","2.5","0.01","0.18","0","0","0","-0.007","26.37","1488400"
"0","-0.01","90","0","0","0","2.5","0.01","0.18","0","-1","1","-0.008","26.38","1488500"
"0","-0.01","90","0","0","0","2.5","0.01","0.18","0","-3","0","-0.009","26.37","1488601"
"-0.06","-0.01","90","0","0","0","2.5","0.01","0.18","-1","0","-1","-0.009","26.38","1488700"
"0.06","-0.01","90","0","0","0","2.5","0.01","0.18","1","-2","-1","-0.008","26.38","1488800"
"0","-0.01","90","0","0","0","2.5","0.01","0.18","0","0","0","-0.008","26.39","1488900"
"0.06","-0.01","90","0","0","0","2.5","0.01","0.18","1","-1","0","-0.008","26.38","1489000"
"-0.06","-0.01","90","0","0","0","2.5","0.01","0.18","-1","0","-2","-0.009","26.38","1489100"
"-0.06","-0.01","90","0","0","0","2.5","0.01","0.18","-1","0","0","-0.009","26.35","1489200"
"0","-0.01","90","0","0","0","2.5","0.01","0.18","0","1","1","-0.007","26.39","1489300"
"-0.06","-0.01","90","0","0","0","2.5","0.01","0.18","-1","0","0","-0.01","26.39","1489400"
"0","-0.01","90","0","0","0","2.5","0.01","0.18","0","0","0","-0.009","26.38","1489500"
"-0.06","-0.01","90","0","0","0","2.5","0.01","0.18","-1","1","1","-0.009","26.37","1489600"
"0","-0.01","90","0","0","0","2.5","0.01","0.18","0","1","0","-0.009","26.37","1489701"
"0.06","-0.01","90","0","0","0","2.5","0.01","0.18","1","-1","-1","-0.008","26.36","1489800"
"-0.06","-0.01","90","0","0","0","2.5","0.01","0.18","-1","-1","0","-0.009","26.38","1489900"
"0","-0.01","90","0","0","0","2.5","0.01","0.18","0","0","0","-0.01","26.37","1490001"
"0","-0.01","90","0","0","0","2.5","0.01","0.18","0","-1","3","-0.009","26.38","1490100"
"-0.12","-0.01","90","0","0","0","2.5","0.01","0.18","-2","0","0","-0.008","26.38","1490200"
"0.06","-0.01","90","0","0","0","2.5","0.01","0.18","1","-1","-1","-0.01","26.36","1490301"
"-0.12","-0.01","90","0","0","0","2.5","0.01","0.18","-2","-1","1","-0.012","26.39","1490400"
"0","-0.01","90","0","0","0","2.5","0.01","0.18","0","2","0","-0.011","26.41","1490501"
"-0.12","-0.01","90","0","0","0","2.5","0.01","0.18","-2","-1","2","-0.009","26.38","1490601"
"0","-0.01","90","0","0","0","2.5","0.01","0.18","0","0","-1","-0.008","26.39","1490700"
"-0.12","-0.01","90","0","0","0","2.5","0.01","0.18","-2","2","6","-0.006","26.37","1490801"
"-0.12","-0.01","90","0","0","0","2.5","0.01","0.18","-2","2","-1","-0.008","26.38","1490900"
"-0.12","0","90","0","0","0","2.5","0.01","0.18","-2","7","11","-0.002","26.38","1491000"
"-0.12","0","90","0","0","0","2.5","0.01","0.18","-2","2","1","0.001","26.38","1491100"
"0","0","90","0","0","0","2.5","0.01","0.18","0","0","-7","0.002","26.39","1491200"
"0.06","-0.01","90","0","0","0","2.5","0.01","0.18","1","-2","-8","-0.009","26.37","1491300"
"0","-0.01","90","0","0","0","2.5","0.01","0.18","0","0","6","-0.009","26.36","1491400"
"-0.18","0","90","0","0","0","2.5","0.01","0.18","-3","-1","4","-0.004","26.41","1491501"
"0","-0.01","90","0","0","0","2.5","0.01","0.18","0","-4","-5","-0.011","26.37","1491601"
"0.06","-0.01","90","0","0","0","2.5","0.01","0.18","1","0","-2","-0.009","26.38","1491700"
"0","0","90","0","0","0","2.5","0.01","0.18","0","4","2","-0.002","26.38","1491800"
"0.06","0","90","0","0","0","2.5","0.01","0.18","1","-2","-4","-0.003","26.35","1491900"
"0","0","90","0","0","0","2.5","0.01","0.18","0","1","0","-0.001","26.36","1492000"
"0","0","90","0","0","0","2.5","0.01","0.18","0","4","-1","0.003","26.36","1492101"
"0.06","0","90","0","0","0","2.5","0.01","0.18","1","1","-1","-0.002","26.33","1492200"
"-0.18","0","90","0","0","0","2.5","0.01","0.18","-3","0","3","0.001","26.4","1492300"
"0","0","90","0","0","0","2.5","0.01","0.18","0","-2","0","0","26.37","1492400"
"-0.06","0","90","0","0","0","2.5","0.01","0.18","-1","0","-1","-0.002","26.36","1492500"
"0.12","0","90","0","0","0","2.5","0.01","0.18","2","0","1","-0.001","26.4","1492601"
"0","0","90","0","0","0","2.5","0.01","0.18","0","0","-2","-0.001","26.37","1492701"
"-0.06","0","90","0","0","0","2.5","0.01","0.18","-1","0","0","0","26.38","1492800"
"0","0","90","0","0","0","2.5","0.01","0.18","0","0","0","0","26.38","1492900"
"-0.06","0","90","0","0","0","2.5","0.01","0.18","-1","0","0","-0.002","26.38","1493000"
"-0.06","0","90","0","0","0","2.5","0.01","0.18","-1","0","0","-0.003","26.39","1493100"
"0.06","0","90","0","0","0","2.5","0.01","0.18","1","0","1","-0.001","26.39","1493201"
"0","0","90","0","0","0","2.5","0.01","0.18","0","0","-1","0","26.39","1493300"
"0","0","90","0","0","0","2.5","0.01","0.18","0","-2","0","-0.002","26.39","1493401"
"0","0","90","0","0","0","2.5","0.01","0.18","0","0","-1","-0.002","26.32","1493501"
"-0.12","0","90","0","0","0","2.5","0.01","0.18","-2","0","0","0.001","26.39","1493600"
"-0.12","0","90","0","0","0","2.5","0.01","0.18","-2","0","0","0.002","26.37","1493700"
"0","0","90","0","0","0","2.5","0.01","0.18","0","1","0","0","26.37","1493801"
"-0.06","0","90","0","0","0","2.5","0.01","0.18","-1","0","1","0.001","26.36","1493900"
"-0.06","0","90","0","0","0","2.5","0.01","0.18","-1","1","0","-0.001","26.38","1494001"
"0.06","0","90","0","0","0","2.5","0.01","0.18","1","0","0","0.001","26.39","1494101"
"0","0","90","0","0","0","2.5","0.01","0.18","0","0","0","0.002","26.38","1494200"
"0","0","90","0","0","0","2.5","0.01","0.18","0","1","0","0.004","26.34","1494300"
"0","0","90","0","0","0","2.5","0.01","0.18","0","0","-1","0.005","26.37","1494401"
"-0.12","0.01","90","0","0","0","2.5","0.01","0.18","-2","0","0","0.006","26.38","1494501"
"0","0.01","90","0","0","0","2.5","0.01","0.18","0","-2","0","0.005","26.38","1494601"
"-0.12","0.01","90","0","0","0","2.5","0.01","0.18","-2","1","5","0.005","26.34","1494700"
"-0.06","0","90","0","0","0","2.5","0.01","0.18","-1","-1","0","0.002","26.37","1494800"
"0","0","90","0","0","0","2.5","0.01","0.18","0","0","1","-0.002","26.4","1494900"
"0","0","90","0","0","0","2.5","0.01","0.18","0","1","0","0","26.37","1495000"
"0","0","90","0","0","0","2.5","0.01","0.18","0","0","-1","0.001","26.41","1495100"
"0","0","90","0","0","0","2.5","0.01","0.18","0","0","-1","-0.001","26.36","1495200"
"0","0","90","0","0","0","2.5","0.01","0.18","0","0","0","0","26.37","1495300"
"0","0","90","0","0","0","2.5","0.01","0.18","0","0","1","-0.001","26.4","1495401"
"0","0","90","0","0","0","2.5","0.01","0.18","0","0","-2","-0.001","26.39","1495500"
"-0.06","0","90","0","0","0","2.5","0.01","0.18","-1","0","0","-0.002","26.36","1495601"
"-0.06","0","90","0","0","0","2.5","0.01","0.18","-1","0","1","-0.003","26.34","1495700"
"0","0","90","0","0","0","2.5","0.01","0.18","0","0","0","-0.003","26.38","1495800"
"0.06","-0.01","90","0","0","0","2.5","0.01","0.18","1","1","0","-0.008","26.36","1495900"
"0","0","90","0","0","0","2.5","0.01","0.18","0","-1","-2","-0.004","26.39","1496001"
"0","0","90","0","0","0","2.5","0.01","0.18","0","-1","0","-0.004","26.38","1496100"
"0","0","90","0","0","0","2.5","0.01","0.18","0","-5","-1","0","26.35","1496200"
"0","0","90","0","0","0","2.5","0.01","0.18","0","-1","0","0.003","26.4","1496300"
"-0.06","0","90","0","0","0","2.5","0.01","0.18","-1","-2","1","0.002","26.4","1496400"
"0.06","0","90","0","0","0","2.5","0.01","0.18","1","-1","0","0.002","26.38","1496501"
"0","0","90","0","0","0","2.5","0.01","0.18","0","1","0","-0.003","26.35","1496601"
"0","0","90","0","0","0","2.5","0.01","0.18","0","1","0","-0.002","26.34","1496700"
"0","0","90","0","0","0","2.5","0.01","0.18","0","0","0","-0.003","26.34","1496801"
"0","0","90","0","0","0","2.5","0.01","0.18","0","-1","0","-0.002","26.37","1496900"
"0","0","90","0","0","0","2.5","0.01","0.18","0","0","0","-0.004","26.37","1497000"
"0","-0.01","90","0","0","0","2.5","0.01","0.18","0","2","0","-0.005","26.38","1497100"
"0","-0.01","90","0","0","0","2.5","0.01","0.18","0","0","0","-0.005","26.38","1497200"
"0","-0.01","90","0","0","0","2.5","0.01","0.18","0","-1","0","-0.006","26.37","1497300"
"0","-0.01","90","0","0","0","2.5","0.01","0.18","0","0","1","-0.006","26.38","1497400"
"0","-0.01","90","0","0","0","2.5","0.01","0.18","0","1","0","-0.007","26.39","1497500"
"0","-0.01","90","0","0","0","2.5","0.01","0.18","0","-4","-1","-0.007","26.36","1497601"
"0","-0.01","90","0","0","0","2.5","0.01","0.18","0","-1","-2","-0.006","26.38","1497700"
"0","-0.01","90","0","0","0","2.5","0.01","0.18","0","0","-1","-0.008","26.37","1497800"
"-0.06","-0.01","90","0","0","0","2.5","0.01","0.18","-1","0","0","-0.007","26.35","1497900"
"-0.06","0","90","0","0","0","2.5","0.01","0.18","-1","1","1","-0.005","26.39","1498000"
"0","-0.01","90","0","0","0","2.5","0.01","0.18","0","0","-2","-0.007","26.38","1498100"
"-0.12","-0.01","90","0","0","0","2.5","0.01","0.18","-2","0","0","-0.006","26.44","1498200"
"0","-0.01","90","0","0","0","2.5","0.01","0.18","0","0","0","-0.007","26.38","1498300"
"0","-0.01","90","0","0","0","2.5","0.01","0.18","0","1","0","-0.007","26.37","1498401"
"-0.06","-0.01","90","0","0","0","2.5","0.01","0.18","-1","0","1","-0.006","26.36","1498501"
"0","-0.01","90","0","0","0","2.5","0.01","0.18","0","0","0","-0.005","26.37","1498600"
"0.06","-0.01","90","0","0","0","2.5","0.01","0.18","1","-2","0","-0.007","26.4","1498700"
"0","-0.01","90","0","0","0","2.5","0.01","0.18","0","0","-1","-0.009","26.36","1498800"
"0","-0.01","90","0","0","0","2.5","0.01","0.18","0","0","0","-0.009","26.38","1498901"
"0","-0.01","90","0","0","0","2.5","0.01","0.18","0","1","0","-0.008","26.4","1499000"
"0","0","90","0","0","0","2.5","0.01","0.18","0","-1","3","-0.002","26.37","1499100"
"0","0","90","0","0","0","2.5","0.01","0.18","0","2","0","-0.003","26.39","1499200"
"0","0","90","0","0","0","2.5","0.01","0.18","0","0","0","-0.004","26.4","1499300"
"0","0","90","0","0","0","2.5","0.01","0.18","0","1","0","-0.004","26.36","1499401"
"0","0","90","0","0","0","2.5","0.01","0.18","0","-1","0","-0.003","26.38","1499500"
"0","0","90","0","0","0","2.5","0.01","0.18","0","0","0","-0.005","26.37","1499600"
"0","0","90","0","0","0","2.5","0.01","0.18","0","-1","0","-0.004","26.36","1499701"
"0.06","0","90","0","0","0","2.5","0.01","0.18","1","-2","1","-0.004","26.36","1499801"
"0","0","90","0","0","0","2.5","0.01","0.18","0","2","0","-0.003","26.39","1499901"
"0","0","90","0","0","0","2.5","0.01","0.18","0","-1","0","-0.004","26.36","1500000"
"-0.06","0","90","0","0","0","2.5","0.01","0.18","-1","1","0","-0.005","26.39","1500100"
"0","-0.01","90","0","0","0","2.5","0.01","0.18","0","0","1","-0.006","26.34","1500200"
"-0.06","-0.01","90","0","0","0","2.5","0.01","0.18","-1","0","0","-0.006","26.37","1500300"
"0","-0.01","90","0","0","0","2.5","0.01","0.18","0","0","-1","-0.007","26.38","1500400"
"-0.06","-0.01","90","0","0","0","2.5","0.01","0.18","-1","0","-1","-0.009","26.38","1500500"
"0","-0.01","90","0","0","0","2.5","0.01","0.18","0","-2","0","-0.007","26.37","1500600"
"-0.06","-0.01","90","0","0","0","2.5","0.01","0.18","-1","1","0","-0.006","26.35","1500700"
"0","0","90","0","0","0","2.5","0.01","0.18","0","1","0","-0.004","26.37","1500801"
"0","0","90","0","0","0","2.5","0.01","0.18","0","1","0","-0.004","26.37","1500900"
"0","0","90","0","0","0","2.5","0.01","0.18","0","1","0","-0.001","26.4","1501000"
"0.06","0","90","0","0","0","2.5","0.01","0.18","1","0","0","-0.004","26.36","1501100"
"0","0","90","0","0","0","2.5","0.01","0.18","0","-2","0","-0.004","26.37","1501200"
"-0.06","0","90","0","0","0","2.5","0.01","0.18","-1","-1","0","-0.003","26.38","1501300"
"0","0","90","0","0","0","2.5","0.01","0.18","0","-1","-1","-0.002","26.36","1501401"
"0","0","90","0","0","0","2.5","0.01","0.18","0","0","6","-0.001","26.36","1501500"
"0","0","90","0","0","0","2.5","0.01","0.18","0","3","-1","0.003","26.39","1501600"
"0","0","90","0","0","0","2.5","0.01","0.18","0","0","0","0.003","26.37","1501700"
"-0.06","0","90","0","0","0","2.5","0.01","0.18","-1","0","2","0.003","26.42","1501801"
"0","0","90","0","0","0","2.5","0.01","0.18","0","-2","1","0.004","26.34","1501900"
"-0.06","0","90","0","0","0","2.5","0.01","0.18","-1","-1","0","0.001","26.38","1502001"
"0","0","90","0","0","0","2.5","0.01","0.18","0","0","2","0.002","26.39","1502100"
"0","0","90","0","0","0","2.5","0.01","0.18","0","0","0","0.002","26.36","1502200"
"0","0","90","0","0","0","2.5","0.01","0.18","0","3","0","0.002","26.36","1502300"
"0","0","90","0","0","0","2.5","0.01","0.18","0","0","1","0.002","26.37","1502401"
"0","0","90","0","0","0","2.5","0.01","0.18","0","0","0","0.002","26.38","1502500"
"0","0","90","0","0","0","2.5","0.01","0.18","0","0","0","0.003","26.39","1502600"
"-0.12","0.01","90","0","0","0","2.5","0.01","0.18","-2","-2","0","0.007","26.39","1502700"
"0","0","90","0","0","0","2.5","0.01","0.18","0","1","-1","0.001","26.37","1502800"
"0","0","90","0","0","0","2.5","0.01","0.18","0","3","0","0.004","26.38","1502900"
"0","0","90","0","0","0","2.5","0.01","0.18","0","0","0","0.003","26.37","1503000"
"0","0","90","0","0","0","2.5","0.01","0.18","0","0","1","0.002","26.37","1503100"
"0","0","90","0","0","0","2.5","0.01","0.18","0","1","-2","0","26.35","1503200"
"0.06","0","90","0","0","0","2.5","0.01","0.18","1","0","-1","-0.001","26.37","1503300"
"0","0","90","0","0","0","2.5","0.01","0.18","0","-1","0","0.001","26.38","1503400"
"0","0","90","0","0","0","2.5","0.01","0.18","0","3","1","-0.001","26.39","1503500"
"0.06","0","90","0","0","0","2.5","0.01","0.18","1","-2","0","-0.002","26.39","1503600"
"0","0","90","0","0","0","2.5","0.01","0.18","0","-1","0","0","26.38","1503700"
"0","0","90","0","0","0","2.5","0.01","0.18","0","0","0","0.001","26.35","1503801"
"-0.06","0","90","0","0","0","2.5","0.01","0.18","-1","-1","0","-0.001","26.36","1503900"
"-0.06","0","90","0","0","0","2.5","0.01","0.18","-1","-1","-2","0","26.37","1504000"
"0","0","90","0","0","0","2.5","0.01","0.18","0","0","0","0","26.38","1504100"
"0","0","90","0","0","0","2.5","0.01","0.18","0","1","0","-0.002","26.36","1504200"
"0.06","0","90","0","0","0","2.5","0.01","0.18","1","0","1","-0.002","26.38","1504301"
"0","0","90","0","0","0","2.5","0.01","0.18","0","0","-1","-0.003","26.37","1504401"
"-0.12","0","90","0","0","0","2.5","0.01","0.18","-2","2","-1","-0.004","26.36","1504500"
"0.06","0","90","0","0","0","2.5","0.01","0.18","1","-1","0","-0.002","26.37","1504600"
"-0.06","0","90","0","0","0","2.5","0.01","0.18","-1","0","-2","-0.003","26.38","1504700"
"0","0","90","0","0","0","2.5","0.01","0.18","0","0","0","-0.002","26.37","1504801"
"0","0","90","0","0","0","2.5","0.01","0.18","0","1","0","-0.001","26.35","1504900"
"0.06","0","90","0","0","0","2.5","0.01","0.18","1","0","0","-0.001","26.36","1505000"
"0.06","0","90","0","0","0","2.5","0.01","0.18","1","0","1","0.001","26.36","1505100"
"0","0","90","0","0","0","2.5","0.01","0.18","0","1","-1","0.003","26.35","1505200"
"-0.06","0","90","0","0","0","2.5","0.01","0.18","-1","0","0","0.002","26.35","1505300"
"0.06","0","90","0","0","0","2.5","0.01","0.18","1","0","-1","-0.001","26.37","1505400"
"0","0","90","0","0","0","2.5","0.01","0.18","0","0","2","0","26.36","1505501"
"0","0","90","0","0","0","2.5","0.01","0.18","0","-1","-1","0.001","26.36","1505600"
"-0.06","0","90","0","0","0","2.5","0.01","0.18","-1","1","-1","0","26.34","1505700"
"0","0","90","0","0","0","2.5","0.01","0.18","0","0","-1","-0.001","26.38","1505801"
"0.06","0","90","0","0","0","2.5","0.01","0.18","1","0","1","-0.001","26.39","1505900"
"0","0","90","0","0","0","2.5","0.01","0.18","0","1","-1","0","26.34","1506000"
"0","0","90","0","0","0","2.5","0.01","0.18","0","0","0","0.002","26.37","1506101"
"0.06","0","90","0","0","0","2.5","0.01","0.18","1","0","2","0.002","26.37","1506200"
"0","0","90","0","0","0","2.5","0.01","0.18","0","-1","0","0.003","26.37","1506300"
"0","0","90","0","0","0","2.5","0.01","0.18","0","-2","0","0.004","26.38","1506401"
"0","0.01","90","0","0","0","2.5","0.01","0.18","0","0","0","0.005","26.36","1506500"
"0","0","90","0","0","0","2.5","0.01","0.18","0","-1","0","0.004","26.33","1506600"
"0","0","90","0","0","0","2.5","0.01","0.18","0","2","0","0.005","26.36","1506700"
"0","0.01","90","0","0","0","2.5","0.01","0.18","0","1","-1","0.005","26.37","1506800"
"0","0.01","90","0","0","0","2.5","0.01","0.18","0","1","0","0.006","26.32","1506901"
"0","0.01","90","0","0","0","2.5","0.01","0.18","0","0","-1","0.009","26.34","1507001"
"0","0.01","90","0","0","0","2.5","0.01","0.18","0","0","0","0.006","26.38","1507100"
"-0.06","0","90","0","0","0","2.5","0.01","0.18","-1","0","-2","0.004","26.36","1507200"
"-0.06","0","90","0","0","0","2.5","0.01","0.18","-1","0","0","0.004","26.35","1507300"
"0.06","0","90","0","0","0","2.5","0.01","0.18","1","2","0","0.003","26.36","1507400"
"0","0","90","0","0","0","2.5","0.01","0.18","0","0","0","0.003","26.34","1507500"
"0","0","90","0","0","0","2.5","0.01","0.18","0","0","0","0.002","26.33","1507601"
"0","0","90","0","0","0","2.5","0.01","0.18","0","0","-2","0","26.29","1507701"
"-0.06","0","90","0","0","0","2.5","0.01","0.18","-1","-1","0","-0.003","26.32","1507800"
"0","0","90","0","0","0","2.5","0.01","0.18","0","1","0","-0.003","26.35","1507900"
"0","0","90","0","0","0","2.5","0.01","0.18","0","0","0","-0.004","26.32","1508001"
"0","0","90","0","0","0","2.5","0.01","0.18","0","-1","0","-0.003","26.32","1508100"
"0","0","90","0","0","0","2.5","0.01","0.18","0","-1","0","-0.003","26.32","1508200"
"0","0","90","0","0","0","2.5","0.01","0.18","0","0","2","-0.003","26.32","1508301"
"0","0","90","0","0","0","2.5","0.01","0.18","0","0","0","-0.001","26.38","1508400"
"-0.06","0","90","0","0","0","2.5","0.01","0.18","-1","-1","1","-0.001","26.32","1508501"
"-0.06","0","90","0","0","0","2.5","0.01","0.18","-1","0","-2","-0.002","26.36","1508600"
"-0.06","0","90","0","0","0","2.5","0.01","0.18","-1","1","0","-0.004","26.33","1508700"
"0","0","90","0","0","0","2.5","0.01","0.18","0","0","0","-0.002","26.31","1508800"
"0","0","90","0","0","0","2.5","0.01","0.18","0","2","0","-0.001","26.32","1508901"
"0","0","90","0","0","0","2.5","0.01","0.18","0","0","0","0.001","26.34","1509000"
"0","0","90","0","0","0","2.5","0.01","0.18","0","0","1","-0.001","26.33","1509100"
"0","0","90","0","0","0","2.5","0.01","0.18","0","-4","-1","-0.001","26.35","1509200"
"0.06","0","90","0","0","0","2.5","0.01","0.18","1","2","-2","0","26.33","1509301"
"0","0","90","0","0","0","2.5","0.01","0.18","0","0","0","-0.001","26.31","1509400"
"-0.06","0","90","0","0","0","2.5","0.01","0.18","-1","1","-1","-0.004","26.31","1509500"
"0","0","90","0","0","0","2.5","0.01","0.18","0","0","2","-0.001","26.35","1509601"
"0.06","0","90","0","0","0","2.5","0.01","0.18","1","0","0","-0.003","26.31","1509700"
"0","0","90","0","0","0","2.5","0.01","0.18","0","1","1","-0.001","26.36","1509800"
"0","0","90","0","0","0","2.5","0.01","0.18","0","0","1","-0.002","26.33","1509901"
"-0.06","0","90","0","0","0","2.5","0.01","0.18","-1","0","-1","-0.004","26.32","1510000"
"0","0","90","0","0","0","2.5","0.01","0.18","0","3","-1","-0.004","26.33","1510100"
"0","0","90","0","0","0","2.5","0.01","0.18","0","0","-1","-0.002","26.34","1510200"
"0.06","0","90","0","0","0","2.5","0.01","0.18","1","1","0","-0.004","26.34","1510300"
"0.06","0","90","0","0","0","2.5","0.01","0.18","1","2","0","-0.003","26.34","1510400"
"0","0","90","0","0","0","2.5","0.01","0.18","0","0","0","-0.004","26.34","1510501"
"0","0","90","0","0","0","2.5","0.01","0.18","0","0","0","-0.005","26.34","1510601"
"-0.06","0","90","0","0","0","2.5","0.01","0.18","-1","0","0","-0.003","26.36","1510701"
"-0.18","0","90","0","0","0","2.5","0.01","0.18","-3","0","0","-0.004","26.33","1510801"
"-0.06","-0.01","90","0","0","0","2.5","0.01","0.18","-1","-1","-2","-0.006","26.35","1510900"
"0","-0.01","90","0","0","0","2.5","0.01","0.18","0","1","0","-0.006","26.35","1511000"
"-0.06","0","90","0","0","0","2.5","0.01","0.18","-1","0","0","-0.002","26.31","1511100"
"0","0","90","0","0","0","2.5","0.01","0.18","0","-1","-1","-0.003","26.32","1511200"
"0","0","90","0","0","0","2.5","0.01","0.18","0","1","2","0","26.32","1511300"
"0","0","90","0","0","0","2.5","0.01","0.18","0","-1","0","-0.002","26.32","1511400"
"-0.06","0","90","0","0","0","2.5","0.01","0.18","-1","2","0","-0.003","26.37","1511501"
"0","0","90","0","0","0","2.5","0.01","0.18","0","0","0","-0.003","26.34","1511601"
"0","0","90","0","0","0","2.5","0.01","0.18","0","0","0","-0.003","26.33","1511701"
"0","0","90","0","0","0","2.5","0.01","0.18","0","-1","0","-0.004","26.35","1511801"
"0","-0.01","90","0","0","0","2.5","0.01","0.18","0","1","-1","-0.006","26.38","1511901"
"0","-0.01","90","0","0","0","2.5","0.01","0.18","0","-1","-1","-0.007","26.31","1512000"
"-0.12","-0.01","90","0","0","0","2.5","0.01","0.18","-2","0","-1","-0.006","26.33","1512100"
"0","-0.01","90","0","0","0","2.5","0.01","0.18","0","3","-1","-0.009","26.34","1512200"
"0","-0.01","90","0","0","0","2.5","0.01","0.18","0","-1","0","-0.01","26.35","1512300"
"-0.06","-0.01","90","0","0","0","2.5","0.01","0.18","-1","0","1","-0.009","26.33","1512400"
"-0.06","-0.01","90","0","0","0","2.5","0.01","0.18","-1","0","0","-0.008","26.37","1512500"
"0","-0.01","90","0","0","0","2.5","0.01","0.18","0","0","0","-0.008","26.36","1512601"
"0","-0.01","90","0","0","0","2.5","0.01","0.18","0","-1","-1","-0.009","26.33","1512700"
"0","-0.01","90","0","0","0","2.5","0.01","0.18","0","-2","0","-0.011","26.34","1512800"
"0","-0.01","90","0","0","0","2.5","0.01","0.18","0","1","1","-0.009","26.35","1512900"
"-0.06","-0.01","90","0","0","0","2.5","0.01","0.18","-1","1","0","-0.009","26.33","1513001"
"0","-0.01","90","0","0","0","2.5","0.01","0.18","0","0","0","-0.009","26.36","1513101"
"0","-0.01","90","0","0","0","2.5","0.01","0.18","0","1","2","-0.008","26.33","1513200"
"-0.06","-0.01","90","0","0","0","2.5","0.01","0.18","-1","1","0","-0.009","26.35","1513300"
"-0.12","-0.01","90","0","0","0","2.5","0.01","0.18","-2","-1","0","-0.007","26.37","1513401"
"-0.06","-0.01","90","0","0","0","2.5","0.01","0.18","-1","0","0","-0.006","26.38","1513501"
"-0.06","0","90","0","0","0","2.5","0.01","0.18","-1","1","0","-0.005","26.35","1513600"
"-0.12","0","90","0","0","0","2.5","0.01","0.18","-2","1","0","-0.003","26.36","1513700"
"0","0","90","0","0","0","2.5","0.01","0.18","0","1","-1","-0.003","26.37","1513801"
"0","0","90","0","0","0","2.5","0.01","0.18","0","0","0","-0.005","26.34","1513901"
"-0.06","-0.01","90","0","0","0","2.5","0.01","0.18","-1","0","0","-0.006","26.34","1514000"
"0","-0.01","90","0","0","0","2.5","0.01","0.18","0","0","0","-0.006","26.33","1514100"
"0.06","-0.01","90","0","0","0","2.5","0.01","0.18","1","1","0","-0.009","26.36","1514200"
"0","-0.01","90","0","0","0","2.5","0.01","0.18","0","-2","-1","-0.012","26.36","1514300"
"-0.06","-0.01","90","0","0","0","2.5","0.01","0.18","-1","-1","0","-0.011","26.32","1514401"
"-0.06","-0.01","90","0","0","0","2.5","0.01","0.18","-1","-1","0","-0.009","26.34","1514501"
"0.06","-0.01","90","0","0","0","2.5","0.01","0.18","1","2","0","-0.008","26.36","1514600"
"0","-0.01","90","0","0","0","2.5","0.01","0.18","0","0","0","-0.01","26.32","1514701"
"-0.06","-0.01","90","0","0","0","2.5","0.01","0.18","-1","0","0","-0.008","26.36","1514800"
"0","-0.01","90","0","0","0","2.5","0.01","0.18","0","-2","1","-0.006","26.36","1514901"
"0","-0.01","90","0","0","0","2.5","0.01","0.18","0","0","-2","-0.007","26.32","1515000"
"0","-0.01","90","0","0","0","2.5","0.01","0.18","0","0","0","-0.008","26.35","1515100"
"0","-0.01","90","0","0","0","2.5","0.01","0.18","0","-1","1","-0.007","26.33","1515201"
"-0.12","-0.01","90","0","0","0","2.5","0.01","0.18","-2","0","0","-0.008","26.33","1515300"
"0","-0.01","90","0","0","0","2.5","0.01","0.18","0","1","1","-0.009","26.34","1515401"
"-0.12","-0.01","90","0","0","0","2.5","0.01","0.18","-2","-1","0","-0.011","26.36","1515500"
"-0.06","-0.01","90","0","0","0","2.5","0.01","0.18","-1","-2","1","-0.011","26.34","1515601"
"-0.06","-0.01","90","0","0","0","2.5","0.01","0.18","-1","-1","0","-0.008","26.38","1515701"
"0","0","90","0","0","0","2.5","0.01","0.18","0","0","0","-0.005","26.35","1515800"
"0.06","-0.01","90","0","0","0","2.5","0.01","0.18","1","-1","0","-0.005","26.35","1515900"
"0.06","-0.01","90","0","0","0","2.5","0.01","0.18","1","0","1","-0.006","26.33","1516000"
"0","-0.01","90","0","0","0","2.5","0.01","0.18","0","1","-3","-0.009","26.38","1516101"
"0","-0.01","90","0","0","0","2.5","0.01","0.18","0","0","-1","-0.011","26.32","1516200"
"-0.06","-0.01","90","0","0","0","2.5","0.01","0.18","-1","1","0","-0.013","26.33","1516300"
"-0.06","-0.01","90","0","0","0","2.5","0.01","0.18","-1","-2","0","-0.013","26.33","1516400"
"0","-0.01","90","0","0","0","2.5","0.01","0.18","0","0","1","-0.014","26.35","1516500"
"0","-0.01","90","0","0","0","2.5","0.01","0.18","0","0","0","-0.012","26.37","1516600"
"0","-0.01","90","0","0","0","2.5","0.01","0.18","0","-1","0","-0.012","26.35","1516700"
"0","-0.01","90","0","0","0","2.5","0.01","0.18","0","-1","2","-0.011","26.32","1516800"
